# Wavelength (nm), lambda Transmission
846.0000000000001,0.1307310030000001
847.0,0.131558453
848.0000000000001,0.1324137080000001
849.0,0.133230036
850.0000000000001,0.1340715560000001
851.0,0.13504432900000002
852.0,0.135982865
853.0,0.136866394
854.0,0.137755953
855.0,0.138650403
856.0,0.139539895
857.0,0.140431531
858.0,0.141346751
859.0,0.142237583
860.0,0.143143959
861.0,0.144110836
862.0,0.145060695
863.0,0.14593759099999998
864.0,0.146782796
865.0,0.147667196
866.0,0.148539804
867.0,0.149392915
868.0,0.150275439
869.0,0.15119153
870.0,0.15213381799999998
871.0,0.15297808499999999
872.0,0.153806205
873.0,0.154626486
874.0,0.155457286
875.0,0.156240516
876.0,0.1570882
877.0,0.157995447
878.0,0.158914084
879.0,0.159709106
880.0,0.16052262
881.0,0.161374525
882.0,0.16223688199999997
883.0,0.16315451399999997
884.0,0.164018211
885.0,0.164846197
886.0,0.165659644
887.0,0.166422908
888.0,0.167228583
889.0,0.168407046
890.0,0.16958838999999998
891.0,0.170380464
892.0,0.17109542099999997
893.0,0.171972518
894.0,0.17280700300000001
895.0,0.17358098699999996
896.0,0.174342911
897.0,0.17505713099999998
898.0,0.175820797
899.0,0.17663893399999997
900.0,0.177477506
901.0,0.178254974
902.0,0.17900905900000003
903.0,0.179875034
904.0,0.180700072
905.0,0.18144752399999997
906.0,0.18220931399999998
907.0,0.18306430099999998
908.0,0.183918484
909.0,0.184621649
910.0,0.185364009
911.0,0.186112466
912.0,0.186840287
913.0,0.18752683599999997
914.0,0.18828011700000002
915.0,0.18909537299999998
916.0,0.18989146699999998
917.0,0.190614531
917.9999999999999,0.19133880099999995
919.0,0.19212048999999998
919.9999999999999,0.1929303189999999
921.0,0.193721388
921.9999999999999,0.19444646199999993
923.0,0.19506400100000001
923.9999999999999,0.19570626299999994
925.0,0.19656459999999998
925.9999999999999,0.19744109399999987
927.0,0.19820234799999997
927.9999999999999,0.19894812499999992
929.0,0.199712595
929.9999999999999,0.2004541509999999
931.0,0.201237448
931.9999999999999,0.20194369499999992
933.0,0.20284270100000001
933.9999999999999,0.2036833499999999
935.0,0.204425509
936.0,0.20519265899999994
937.0,0.205935756
938.0,0.206669205
939.0,0.20743541700000007
940.0,0.20818018900000002
941.0000000000001,0.2090555440000001
942.0,0.20996788300000002
943.0000000000001,0.21074468100000007
944.0,0.211503322
945.0000000000001,0.2124322100000001
946.0,0.213299994
947.0000000000001,0.21408784700000005
948.0,0.21485720799999997
949.0000000000001,0.21565035400000004
950.0,0.21643231100000002
951.0000000000001,0.21720220800000006
952.0,0.21801190299999998
953.0000000000001,0.21878099600000006
954.0,0.21957642
955.0000000000001,0.2205276860000001
956.0,0.221422136
957.0000000000001,0.22226781000000007
958.0,0.223020086
959.0000000000001,0.22382381800000006
960.0,0.224617567
961.0000000000001,0.22540401300000013
962.0,0.22628144500000003
963.0000000000001,0.2271836000000001
964.0,0.228133526
965.0000000000001,0.22897343800000006
966.0,0.229778041
967.0000000000001,0.23062646200000006
968.0,0.23144406299999998
969.0000000000001,0.2322587160000001
970.0,0.23312897899999996
971.0000000000001,0.23394604400000008
972.0,0.23474575599999997
973.0000000000001,0.2356156840000001
974.0,0.236458343
975.0000000000001,0.2372788250000001
976.0,0.238129055
977.0000000000001,0.23904052300000012
978.0,0.24000103499999997
979.0000000000001,0.24090855000000008
980.0,0.241719049
981.0,0.242533702
982.0,0.243390632
983.0,0.244177547
984.0,0.24498349
985.0,0.245843435
986.0,0.246678858
987.0,0.24745712999999997
988.0,0.248277947
989.0,0.249239062
990.0,0.250193812
991.0,0.251054025
992.0,0.25182003599999997
993.0,0.252630535
994.0,0.253438689
995.0,0.254218971
996.0,0.255040793
997.0,0.25587199499999996
998.0,0.25664283
999.0,0.25741661299999996
1000.0,0.258254247
1000.9999999999999,0.259177038
1002.0,0.26015624299999995
1003.0000000000001,0.2610054010000002
1004.0,0.261763305
1004.9999999999999,0.262593636
1006.0,0.263447283
1007.0000000000001,0.2641901790000002
1008.0,0.265044898
1008.9999999999999,0.265798715
1010.0,0.266623016
1011.0000000000001,0.2674217900000002
1012.0,0.268228805
1012.9999999999999,0.269157961
1014.0,0.270109294
1015.0000000000001,0.2709152370000002
1016.0,0.271670327
1016.9999999999999,0.272508296
1018.0,0.273221712
1019.0000000000001,0.2740505690000002
1020.0,0.27482328
1020.9999999999999,0.275614148
1022.0,0.27635758
1023.0000000000001,0.2771461030000002
1024.0,0.27793757399999997
1025.0,0.27867149199999997
1026.0,0.279450702
1027.0000000000002,0.28020632800000017
1028.0,0.281013477
1029.0,0.28167952399999996
1030.0,0.282442788
1031.0000000000002,0.2834065160000002
1032.0,0.284214871
1033.0,0.284952742
1034.0,0.28564424899999996
1035.0000000000002,0.28638500100000014
1036.0,0.287088635
1037.0,0.287797964
1038.0,0.288529269
1039.0000000000002,0.28922613600000013
1040.0,0.289948463
1041.0,0.29061518
1042.0,0.29126977
1043.0000000000002,0.2919709250000001
1044.0,0.292678043
1045.0,0.293283857
1046.0,0.293969267
1047.0000000000002,0.2947811730000002
1048.0,0.295662759
1049.0,0.29628157099999997
1050.0,0.29691485500000003
1051.0000000000002,0.2976331620000001
1052.0,0.298285474
1053.0,0.299035472
1054.0,0.299657902
1055.0000000000002,0.3003375500000002
1056.0,0.30100902399999996
1057.0,0.301647132
1058.0,0.30238761599999997
1059.0000000000002,0.30299899100000016
1060.0,0.303719174
1061.0,0.304516943
1062.0,0.30531538199999997
1063.0000000000002,0.30600802800000015
1064.0,0.306658866
1065.0,0.307317007
1066.0,0.30797575099999996
1067.0000000000002,0.30857546800000013
1068.0,0.30921685899999996
1069.0,0.31005958499999997
1070.0,0.310846567
1071.0000000000002,0.3113451140000001
1072.0,0.311857932
1073.0,0.312468905
1074.0,0.313121887
1075.0000000000002,0.3137516200000001
1076.0,0.31444627599999997
1077.0,0.315070515
1077.9999999999998,0.31571914199999984
1079.0,0.316501702
1080.0,0.317357828
1081.0,0.318039754
1081.9999999999998,0.3185984669999999
1083.0,0.31919067999999995
1084.0,0.319833545
1085.0,0.320618316
1085.9999999999998,0.3214266039999998
1087.0,0.322097341
1088.0,0.322644128
1089.0,0.323290678
1089.9999999999998,0.32392201899999984
1091.0,0.32463496599999997
1092.0,0.325412166
1093.0,0.32600980599999996
1093.9999999999998,0.32656128299999987
1095.0,0.32715497
1096.0,0.32766149
1097.0,0.328090893
1097.9999999999998,0.32850589099999994
1099.0,0.329173412
1100.0,0.32993084699999997
1101.0,0.33053940800000003
1101.9999999999998,0.3310843189999999
1103.0,0.331874584
1104.0,0.332616877
1105.0,0.333179945
1105.9999999999998,0.33375701599999985
1107.0,0.33431465699999996
1108.0,0.334913972
1109.0,0.335440726
1109.9999999999998,0.3359494569999998
1111.0,0.336447066
1112.0,0.33694099
1113.0,0.337537826
1113.9999999999998,0.33805352499999985
1115.0,0.33867582100000004
1116.0,0.33936035999999997
1117.0,0.33986815300000006
1117.9999999999998,0.3403023129999999
1119.0,0.340850641
1120.0,0.34130617399999996
1121.0,0.341752796
1122.0,0.3422487969999999
1123.0,0.342888647
1124.0,0.34357030499999996
1125.0,0.34408674100000003
1126.0,0.34448063399999995
1127.0,0.34492873
1128.0,0.3453437950000001
1129.0,0.34578324799999993
1130.0,0.34630531200000003
1131.0,0.346694247
1132.0000000000002,0.34707192600000014
1133.0,0.347666484
1134.0,0.34822747499999995
1135.0,0.348739087
1136.0000000000002,0.34907542700000005
1137.0,0.34944727699999995
1138.0,0.34980465499999996
1139.0,0.350181798
1140.0000000000002,0.3506367280000001
1141.0,0.35114358300000004
1142.0,0.351620556
1143.0,0.351976259
1144.0000000000002,0.3522583960000001
1145.0,0.35275566999999997
1146.0,0.35332423199999996
1147.0,0.353601277
1148.0000000000002,0.3539025090000001
1149.0,0.354413451
1150.0,0.35483501500000003
1151.0,0.35505698599999996
1152.0000000000002,0.355100804
1153.0,0.355305221
1154.0,0.35561107599999997
1155.0,0.35608583800000004
1156.0000000000002,0.3565589250000001
1157.0,0.35682880100000003
1158.0,0.35707616499999995
1159.0,0.35734383
1160.0000000000002,0.3575421500000001
1161.0,0.357828441
1162.0,0.3580925549999999
1163.0,0.35846788899999993
1164.0000000000002,0.3588516650000001
1165.0,0.35907484199999995
1166.0,0.35937058
1167.0,0.359739616
1168.0000000000002,0.3601372610000001
1169.0,0.360317357
1170.0,0.36056183999999997
1171.0,0.360938983
1172.0000000000002,0.36127110200000007
1173.0,0.36143920500000004
1174.0,0.36162781
1175.0,0.36172951600000003
1176.0000000000002,0.361864387
1177.0,0.361950482
1178.0,0.36207979200000007
1179.0,0.3623128179999999
1180.0000000000002,0.36239690299999994
1181.0,0.362543097
1182.0,0.36272379600000004
1183.0,0.36276808299999996
1184.0000000000002,0.36289417700000004
1185.0,0.363193667
1186.0,0.363579922
1187.0,0.363924101
1188.0000000000002,0.364173408
1189.0,0.364248582
1190.0,0.36438144299999997
1191.0,0.364504656
1192.0000000000002,0.364534873
1193.0,0.36448971499999994
1194.0,0.36438084
1195.0,0.36466914100000003
1196.0000000000002,0.364935801
1197.0,0.36505238100000004
1198.0,0.36509305000000003
1199.0,0.36531950999999996
1200.0000000000002,0.36562462799999995
1201.0,0.36563541499999996
1202.0,0.36563749199999995
1203.0,0.365906162
1204.0,0.36609724599999993
1205.0,0.366053495
1206.0,0.36612418
1206.9999999999998,0.366265483
1208.0,0.36640156
1209.0,0.366527386
1210.0,0.366470369
1210.9999999999998,0.366429231
1212.0,0.366459247
1213.0,0.366413687
1214.0,0.36635867999999994
1214.9999999999998,0.366359216
1216.0,0.366329535
1217.0,0.36642903
1218.0,0.366627685
1218.9999999999998,0.3668395389999999
1220.0,0.366867411
1221.0,0.36664544
1222.0,0.36642226299999997
1222.9999999999998,0.366552243
1224.0,0.366653279
1225.0,0.36659318
1226.0,0.366520619
1226.9999999999998,0.366440353
1228.0,0.366313656
1229.0,0.366222603
1230.0,0.366123309
1230.9999999999998,0.36606254
1232.0,0.365938054
1233.0,0.36604485200000003
1234.0,0.366188634
1234.9999999999998,0.366055304
1236.0,0.36598120199999995
1237.0,0.365817923
1238.0,0.365795009
1238.9999999999998,0.36563106
1240.0,0.36545458200000003
1241.0,0.365335121
1242.0,0.36521860799999994
1242.9999999999998,0.3653109339999999
1244.0,0.36535843700000004
1245.0,0.365272744
1246.0,0.365060823
1247.0,0.36482364300000003
1248.0,0.364762941
1249.0,0.364984242
1250.0,0.365214186
1251.0,0.365094926
1252.0,0.364868265
1253.0,0.364621504
1254.0,0.36451571099999996
1255.0,0.364261513
1256.0,0.36412215299999995
1257.0000000000002,0.3639283219999999
1258.0,0.36371693699999996
1259.0,0.36327915899999996
1260.0,0.362850493
1261.0000000000002,0.36279642399999995
1262.0,0.362745303
1263.0,0.362527218
1264.0,0.362259821
1265.0000000000002,0.362226857
1266.0,0.362111081
1267.0,0.361906865
1268.0,0.361611529
1269.0000000000002,0.3613780339999999
1270.0,0.3610311749999999
1271.0,0.360815033
1272.0,0.360583012
1273.0000000000002,0.360500736
1274.0,0.36046328299999997
1275.0,0.36012064499999996
1276.0,0.35988708300000005
1277.0000000000002,0.35976520999999995
1278.0,0.359711141
1279.0,0.35941935599999997
1280.0,0.359123819
1281.0000000000002,0.3585744189999999
1282.0,0.358186087
1283.0,0.35800719699999994
1284.0,0.35798669499999997
1285.0000000000002,0.357784087
1286.0,0.357411902
1287.0,0.357151607
1288.0,0.35684045899999994
1289.0000000000002,0.35674746299999993
1290.0,0.356622173
1291.0,0.35639772300000006
1292.0,0.35612717699999996
1293.0000000000002,0.3557930479999999
1294.0,0.3556154979999999
1295.0,0.35524994600000004
1296.0,0.354993135
1297.0000000000002,0.3546714679999999
1298.0,0.35443804
1299.0,0.354357573
1300.0,0.354169102
1301.0000000000002,0.3538816049999999
1302.0,0.35359852999999997
1303.0,0.353414682
1304.0,0.35330279200000003
1305.0000000000002,0.353004039
1306.0,0.35263922400000003
1307.0,0.352343419
1308.0,0.3520161909999999
1309.0000000000002,0.3516399189999999
1310.0,0.351372522
1311.0,0.35103584699999996
1312.0,0.350646175
1313.0000000000002,0.3503443399999999
1314.0,0.34998924
1315.0,0.34977886
1316.0,0.34963903099999993
1317.0000000000002,0.3493153539999999
1318.0,0.348889904
1319.0,0.348572123
1320.0,0.348212333
1321.0000000000002,0.34787384899999996
1322.0,0.347455702
1323.0,0.34706951399999997
1324.0,0.34672801500000006
1325.0000000000002,0.34626759099999993
1326.0,0.34592086599999994
1327.0,0.345566771
1328.0,0.34518534
1329.0000000000002,0.34472123099999985
1330.0,0.344327338
1331.0,0.34398791599999995
1332.0,0.34359616699999995
1333.0,0.343375335
1334.0,0.34316910899999997
1335.0,0.342603495
1335.9999999999998,0.3420728550000001
1337.0,0.341757687
1338.0,0.341562918
1339.0,0.341168623
1339.9999999999998,0.3408089670000001
1341.0,0.340564216
1342.0,0.34032656699999997
1343.0,0.33997314199999995
1343.9999999999998,0.339636936
1345.0,0.339181805
1346.0,0.338795751
1347.0,0.338444202
1347.9999999999998,0.33802357600000005
1349.0,0.33759892999999996
1350.0,0.337207851
1351.0,0.33682266799999994
1351.9999999999998,0.33644907600000007
1353.0,0.33614884899999997
1354.0,0.335955353
1355.0,0.33554765799999997
1355.9999999999998,0.335157048
1357.0,0.334690393
1358.0,0.33430789
1359.0,0.33409690699999994
1359.9999999999998,0.3338312520000001
1361.0,0.333204936
1362.0,0.332568972
1363.0,0.33209722499999994
1363.9999999999998,0.33171331500000006
1365.0,0.331193261
1366.0,0.330714613
1367.0,0.33033800599999996
1367.9999999999998,0.3298885030000001
1369.0,0.329368516
1370.0,0.328914926
1371.0,0.328491285
1372.0,0.3280121010000001
1373.0,0.32774591
1374.0,0.327509936
1375.0,0.327097015
1376.0,0.326563226
1377.0,0.326123438
1378.0,0.3257554739999998
1379.0,0.325268652
1380.0,0.324797709
1381.0,0.3242599
1382.0000000000002,0.3236878539999999
1383.0,0.323158085
1384.0,0.32279668699999997
1385.0,0.32258275599999997
1386.0000000000002,0.3222662479999999
1387.0,0.321915168
1388.0,0.32147739
1389.0,0.32102299599999995
1390.0000000000002,0.3206086009999999
1391.0,0.32018730500000003
1392.0,0.319734854
1393.0,0.319287428
1394.0000000000002,0.31892716899999995
1395.0,0.318600812
1396.0,0.318372342
1397.0,0.317935167
1398.0000000000002,0.31748506099999985
1399.0,0.317061353
1400.0,0.31663617099999997
1401.0,0.316191224
1402.0000000000002,0.3156745199999999
1403.0,0.31522997499999994
1404.0,0.314852028
1405.0,0.314333448
1406.0000000000002,0.31388608899999987
1407.0,0.313394912
1408.0,0.312984671
1409.0,0.31234059999999997
1410.0000000000002,0.3117311679999999
1411.0,0.311181098
1412.0,0.31082820899999997
1413.0,0.31058252
1414.0000000000002,0.31023411999999995
1415.0,0.309856106
1416.0,0.30935575
1417.0,0.308948055
1418.0000000000002,0.3084795909999999
1419.0,0.308041545
1420.0,0.307574756
1421.0,0.307146961
1422.0000000000002,0.3067130019999999
1423.0,0.306322861
1424.0,0.305831014
1425.0,0.30544214599999997
1426.0000000000002,0.30494822199999994
1427.0,0.304592184
1428.0,0.30412787399999996
1429.0,0.303712206
1430.0000000000002,0.303247159
1431.0,0.303015808
1432.0,0.302711293
1433.0,0.302312241
1434.0000000000002,0.3018670929999999
1435.0,0.301420672
1436.0,0.30099944300000003
1437.0,0.30061359
1438.0000000000002,0.30023048399999985
1439.0,0.299747615
1440.0,0.29936584899999996
1441.0,0.298894102
1442.0000000000002,0.2984667089999999
1443.0,0.29789446199999997
1444.0,0.297270625
1445.0,0.29702909
1446.0000000000002,0.2967484269999999
1447.0,0.29623299599999997
1448.0,0.295588724
1449.0,0.295285884
1450.0000000000002,0.2950668609999999
1451.0,0.294615013
1452.0,0.29419110400000004
1453.0,0.293967726
1454.0000000000002,0.2936445849999999
1455.0,0.29320848199999994
1456.0,0.29270718799999995
1457.0,0.292280666
1458.0000000000002,0.2918530719999999
1459.0,0.291425277
1460.0,0.29099962599999996
1460.9999999999998,0.29057384100000005
1462.0,0.2901502
1463.0,0.289727564
1464.0,0.289306469
1464.9999999999998,0.2888867810000001
1466.0,0.288471247
1467.0,0.288053703
1468.0,0.28763803499999996
1468.9999999999998,0.28722317100000005
1470.0,0.286810451
1471.0,0.28639793199999997
1472.0,0.28598882999999997
1472.9999999999998,0.28557899100000006
1474.0,0.28517283699999996
1475.0,0.284769899
1476.0,0.284363209
1476.9999999999998,0.28396214700000005
1478.0,0.283558338
1479.0,0.283159889
1480.0,0.28275815699999995
1480.9999999999998,0.28236305800000006
1482.0,0.281969031
1483.0,0.281571788
1484.0,0.281180441
1484.9999999999998,0.28078514100000007
1486.0,0.280395938
1487.0,0.28000365299999996
1488.0,0.279616929
1488.9999999999998,0.27922732400000005
1490.0,0.278843347
1491.0,0.27846057599999996
1492.0,0.278074522
1492.9999999999998,0.27769329200000004
1494.0,0.277309382
1495.0,0.27693063100000004
1496.0,0.27654926700000004
1497.0,0.276172124
1498.0,0.27579323899999997
1499.0,0.275420317
1500.0,0.275045318
1501.0,0.2746706539999999
1502.0,0.27429786599999995
1503.0,0.27392521199999986
1504.0,0.27355363
1505.0000000000002,0.2731839239999999
1506.0,0.272814419
1507.0000000000002,0.27244638799999993
1508.0,0.27208164
1509.0000000000002,0.27171488199999994
1510.0,0.271349933
1511.0000000000002,0.2709845149999999
1512.0,0.27062157600000003
1513.0000000000002,0.2702575649999999
1514.0,0.269896569
1515.0000000000002,0.2695340989999999
1516.0,0.269175381
1517.0000000000002,0.26881853899999997
1518.0,0.26845814599999995
1519.0000000000002,0.2681019069999999
1520.0,0.267742452
1521.0000000000002,0.2673883569999999
1522.0,0.26703004100000005
1523.0000000000002,0.26667802299999993
1524.0,0.266320846
1525.0,0.26597003399999997
1526.0,0.265620093
1527.0,0.26526499299999995
1528.0,0.264916325
1529.0,0.264563168
1530.0,0.26421496899999997
1531.0,0.263863152
1532.0,0.26351615899999997
1533.0,0.263166017
1534.0,0.262821168
1535.0,0.26247491199999995
1536.0,0.262127383
1537.0,0.26178246699999996
1538.0,0.26143601
1539.0,0.261091831
1540.0,0.26074658
1541.0,0.26040293699999995
1542.0,0.26005942800000004
1543.0,0.259718934
1544.0,0.259376229
1545.0,0.25903392599999997
1546.0,0.258692159
1547.0,0.25835133
1548.0,0.25800996499999995
1549.0,0.25766994
1550.0,0.25732891
1551.0,0.25699009100000003
1552.0,0.256653684
1553.0,0.25631325699999996
1554.0,0.255976113
1555.0,0.255636289
1556.0,0.255299882
1557.0,0.254960192
1558.0,0.25462479
1559.0,0.254285703
1560.0,0.253950837
1561.0,0.25361670799999997
1562.0,0.253277688
1563.0,0.252944095
1564.0,0.252605276
1565.0,0.252272487
1566.0,0.251934338
1567.0,0.251601482
1568.0,0.251263869
1569.0,0.25093128099999995
1570.0,0.250598425
1571.0,0.250261817
1572.0,0.24992882699999996
1573.0,0.24959288899999998
1574.0,0.24925976500000002
1575.0,0.248924229
1576.0,0.24859077
1577.0,0.248255636
1578.0,0.24792371800000002
1579.0,0.247590594
1580.0,0.24725592899999999
1581.0,0.246922537
1582.0,0.246588274
1583.0,0.246254949
1584.0,0.245921021
1585.0,0.245587696
1586.0,0.24525477299999998
1587.0,0.244924262
1588.0,0.244590736
1589.0,0.24425861699999998
1590.0,0.24392488999999998
1591.0,0.243593642
1592.0,0.243260652
1593.0,0.24292994
1594.0,0.242597151
1595.0,0.242267444
1596.0,0.241938206
1597.0,0.24160601999999998
1598.0,0.24127684900000002
1599.0,0.240945266
1600.0,0.24061703299999998
1601.0,0.240285517
1602.0,0.23995808799999996
1603.0,0.23962730899999998
1604.0,0.23930081800000003
1605.0,0.23897493000000003
1606.0,0.238644821
1607.0,0.238319536
1608.0,0.237990298
1609.0,0.23766615199999996
1610.0,0.237338053
1611.0,0.237013572
1612.0,0.23668647799999998
1613.0,0.236363873
1614.0,0.236040531
1615.0,0.235715715
1616.0,0.23539297599999998
1617.0,0.23506876300000001
1618.0,0.23474676100000003
1619.0,0.234424491
1620.0,0.23410295799999997
1621.0,0.233781559
1622.0,0.233463443
1623.0,0.233143317
1624.0,0.23282379399999997
1625.0,0.232504874
1626.0,0.23218635599999993
1627.0,0.23186844099999998
1628.0,0.23155146399999993
1629.0,0.23123428599999998
1630.0000000000002,0.2309188499999999
1631.0,0.23060569199999997
1632.0000000000002,0.2302899209999999
1633.0,0.22997636100000002
1634.0000000000002,0.22966172899999993
1635.0,0.22934970999999998
1636.0000000000002,0.22903648499999996
1637.0,0.22872573899999998
1638.0000000000002,0.22841284899999992
1639.0,0.22810438099999997
1640.0000000000002,0.2277965159999999
1641.0,0.227486105
1642.0000000000002,0.22717951299999992
1643.0,0.22686937
1644.0000000000002,0.2265650559999999
1645.0,0.22625632
1646.0000000000002,0.2259531449999999
1647.0,0.22564615100000002
1648.0000000000002,0.2253440479999999
1649.0,0.225042682
1650.0000000000002,0.22473830099999992
1651.0,0.224437806
1652.0000000000002,0.22413576999999996
1653.0,0.22383641399999998
1654.0,0.22353551700000002
1655.0,0.223237836
1656.0,0.22293928400000002
1657.0,0.222644283
1658.0,0.22234841100000002
1659.0,0.22205207
1660.0,0.22175773899999998
1661.0,0.221463542
1662.0,0.22117041699999998
1663.0,0.22087809599999997
1664.0,0.22058678
1665.0,0.220296402
1666.0,0.22000870399999997
1667.0,0.21971966599999998
1668.0,0.219432236
1669.0,0.21914480599999997
1670.0,0.21885885
1671.0,0.21857269299999998
1672.0,0.21828935
1673.0,0.21800513600000002
1674.0,0.2177232
1675.0,0.21744394399999997
1676.0,0.21716153900000001
1677.0,0.21688275199999998
1678.0,0.216602625
1679.0,0.21632604900000002
1680.0,0.216047798
1681.0,0.21577329899999997
1682.0,0.215496254
1683.0,0.215223765
1684.0,0.214952616
1685.0,0.214678318
1686.0,0.21440871
1687.0,0.214136891
1688.0,0.21386909199999998
1689.0,0.213598546
1690.0,0.21333242199999997
1691.0,0.21306455599999996
1692.0,0.212800375
1693.0,0.212536529
1694.0,0.21227141
1695.0,0.21200917199999997
1696.0,0.211745929
1697.0,0.21148536599999998
1698.0,0.211224468
1699.0,0.210965044
1700.0,0.21070561999999998
1701.0,0.21044961299999998
1702.0,0.210192601
1703.0,0.209936326
1704.0,0.20968112299999997
1705.0,0.209426858
1706.0,0.209172459
1707.0,0.208919802
1708.0,0.208667212
1709.0,0.20841629699999997
1710.0,0.20816772699999997
1711.0,0.20791768300000002
1712.0,0.20766911300000002
1713.0,0.20742040899999997
1714.0,0.207173648
1715.0,0.206926351
1716.0,0.20668166699999999
1717.0,0.20643530799999998
1718.0,0.2061925
1719.0,0.205951166
1720.0,0.205706951
1721.0,0.205466287
1722.0,0.205223546
1723.0,0.204984557
1724.0,0.204743491
1725.0,0.20450644499999998
1726.0,0.204266317
1727.0,0.20403007499999998
1728.0,0.20379483799999998
1729.0,0.203557658
1730.0,0.20332335899999998
1731.0,0.203087586
1732.0,0.202854761
1733.0,0.20262032799999996
1734.0,0.202388709
1735.0,0.20215581700000002
1736.0,0.20192634199999998
1737.0,0.201696532
1738.0,0.20146598500000001
1739.0,0.201237314
1740.0,0.20100837500000002
1741.0,0.200780441
1742.0,0.20055317700000003
1743.0,0.200326784
1744.0,0.20010052500000003
1745.0,0.19987674500000002
1746.0,0.19965189299999997
1747.0,0.19942824699999998
1748.0,0.19920460099999998
1749.0,0.198982161
1750.0,0.19875945299999997
1751.0,0.19853855399999995
1752.0,0.198316985
1753.0,0.19809682299999998
1754.0,0.197879073
1755.0000000000002,0.19765857599999997
1756.0,0.197441496
1757.0000000000002,0.19722227199999998
1758.0,0.197005527
1759.0000000000002,0.19678737499999993
1760.0,0.196572774
1761.0000000000002,0.19635542599999994
1762.0,0.19614176299999997
1763.0000000000002,0.19592897099999995
1764.0,0.195713298
1765.0000000000002,0.19550090799999997
1766.0,0.19528697699999997
1767.0000000000002,0.19507585999999993
1768.0,0.19486253199999998
1769.0000000000002,0.19465262099999997
1770.0,0.19444009699999998
1771.0000000000002,0.19423145899999994
1772.0,0.19402262
1773.0000000000002,0.19381270899999997
1774.0,0.19360454
1775.0000000000002,0.19339583499999996
1776.0,0.193188537
1777.0000000000002,0.19298050199999997
1778.0,0.192774544
1779.0000000000002,0.19256778199999997
1780.0,0.192363432
1781.0,0.192158278
1782.0,0.19195325800000002
1783.0,0.19174930999999998
1784.0,0.191545362
1785.0,0.191341749
1786.0,0.191138873
1787.0,0.190936265
1788.0,0.19073439399999997
1789.0,0.190534466
1790.0,0.190332729
1791.0,0.19013233200000001
1792.0,0.18993173400000002
1793.0,0.18973261000000002
1794.0,0.18953254799999997
1795.0,0.18933483099999998
1796.0,0.189135238
1797.0,0.188938995
1798.0,0.188742752
1799.0,0.18854456599999997
1800.0,0.18834939499999998
1801.0,0.18815241499999996
1802.0,0.18795845
1803.0,0.187762274
1804.0,0.18756904599999996
1805.0,0.18737340600000002
1806.0,0.18718158499999998
1807.0,0.18698969699999998
1808.0,0.186796201
1809.0,0.18660525100000003
1810.0,0.18641275999999998
1811.0,0.186222413
1812.0,0.186031396
1813.0,0.185842255
1814.0,0.18565204200000002
1815.0,0.18546430800000002
1816.0,0.18527644
1817.0,0.18508776799999999
1818.0,0.184900503
1819.0,0.18471350599999997
1820.0,0.184527447
1821.0,0.18434111999999997
1822.0,0.18415586499999997
1823.0,0.18397081099999998
1824.0,0.183787901
1825.0,0.183603919
1826.0,0.183420741
1827.0,0.18323762999999998
1828.0,0.183055524
1829.0,0.182873619
1830.0,0.182692719
1831.0,0.182511417
1832.0,0.182331656
1833.0,0.18215363699999998
1834.0,0.18197333999999998
1835.0,0.18179538799999997
1836.0,0.18161683299999998
1837.0,0.18144001999999998
1838.0,0.18126226900000003
1839.0,0.181086796
1840.0,0.180909916
1841.0,0.180735515
1842.0,0.180562052
1843.0,0.180386512
1844.0,0.18021391999999997
1845.0,0.18003911699999997
1846.0,0.179867329
1847.0,0.179694268
1848.0,0.17952382
1849.0,0.17935176400000002
1850.0,0.17918238800000003
1851.0,0.179012811
1852.0,0.17884256399999998
1853.0,0.178674059
1854.0,0.17850508499999998
1855.0,0.178337719
1856.0,0.17816988399999997
1857.0,0.178003121
1858.0,0.17783635799999997
1859.0,0.177671739
1860.0,0.177506651
1861.0,0.177341496
1862.0,0.17717748
1863.0,0.177013531
1864.0,0.176850185
1865.0,0.17668744200000003
1866.0,0.176525235
1867.0,0.17636349699999998
1868.0,0.176203166
1869.0,0.17604223200000002
1870.0,0.17588223599999997
1871.0,0.17572230700000002
1872.0,0.17556338300000002
1873.0,0.17540432500000003
1874.0,0.175246607
1875.0,0.175090631
1876.0,0.17493251099999996
1877.0,0.174776602
1878.0,0.17461935299999998
1879.0,0.174464717
1880.0000000000002,0.17430887499999997
1881.0,0.174155244
1882.0000000000002,0.17399980399999998
1883.0,0.173847111
1884.0000000000002,0.17369548999999995
1885.0,0.173541926
1886.0000000000002,0.17339097499999995
1887.0,0.173237746
1888.0000000000002,0.17308793399999997
1889.0,0.172936447
1890.0000000000002,0.17278690299999994
1891.0,0.17263662200000002
1892.0000000000002,0.17248915499999998
1893.0,0.172341152
1894.0000000000002,0.17219234499999997
1895.0,0.17204528000000002
1896.0000000000002,0.17189754499999996
1897.0,0.171751351
1898.0000000000002,0.17160482199999993
1899.0,0.17145970000000002
1900.0000000000002,0.17131410899999994
1901.0,0.17117079600000001
1902.0000000000002,0.17102634399999997
1903.0,0.17088249500000002
1904.0000000000002,0.17073891399999996
1905.0,0.17059620399999997
1906.0000000000002,0.17045349399999993
1907.0,0.170311789
1908.0,0.17016995000000001
1909.0,0.170028982
1910.0,0.169889354
1911.0,0.169748654
1912.0,0.16960915999999998
1913.0,0.16946926399999998
1914.0,0.16933044
1915.0,0.16919141499999998
1916.0,0.16905413199999997
1917.0,0.16891550900000002
1918.0,0.16877862799999999
1919.0,0.16864308699999997
1920.0,0.16850580399999998
1921.0,0.168370397
1922.0,0.168233918
1923.0,0.16809938200000002
1924.0,0.167963104
1925.0,0.16782964
1926.0,0.167694434
1927.0,0.16756190799999998
1928.0,0.167429315
1929.0,0.16729518100000002
1930.0,0.167162923
1931.0,0.167029928
1932.0,0.166898675
1933.0,0.166766149
1934.0,0.16663536499999998
1935.0,0.166504514
1936.0,0.166374936
1937.0,0.166245023
1938.0,0.166114641
1939.0,0.165985331
1940.0,0.16585588699999998
1941.0,0.165726912
1942.0,0.16559840599999998
1943.0,0.165470168
1944.0,0.165342667
1945.0,0.165216238
1946.0,0.165088536
1947.0,0.164961772
1948.0,0.164834941
1949.0,0.164708847
1950.0,0.16458235100000002
1951.0,0.16445732899999999
1952.0,0.164331168
1953.0,0.16420681599999998
1954.0,0.16408313400000002
1955.0,0.163957978
1956.0,0.16383456400000002
1957.0,0.16371027900000001
1958.0,0.1635872
1959.0,0.163462714
1960.0,0.16334063999999998
1961.0,0.163217092
1962.0,0.163095286
1963.0,0.162974351
1964.0,0.162851607
1965.0,0.162730672
1966.0,0.16260819599999998
1967.0,0.16248806500000001
1968.0,0.16236625899999999
1969.0,0.162246262
1970.0,0.162125595
1971.0,0.162006603
1972.0,0.161887075
1973.0,0.16176701100000002
1974.0,0.16164815300000002
1975.0,0.161528625
1976.0,0.16140996800000001
1977.0,0.16129097599999997
1978.0,0.16117312299999997
1979.0,0.1610546
1980.0,0.160937685
1981.0,0.160820234
1982.0,0.16070231399999999
1983.0,0.160585533
1984.0,0.16046855100000001
1985.0,0.16035177
1986.0,0.16023532399999998
1987.0,0.160118744
1988.0,0.160002633
1989.0,0.159887728
1990.0,0.159771751
1991.0,0.159656511
1992.0,0.159540668
1993.0,0.159426031
1994.0,0.15931099199999998
1995.0,0.159196824
1996.0,0.159081517
1997.0,0.158968086
1998.0,0.158854454
1999.0,0.15873975
2000.0,0.158626453
2001.0000000000002,0.15866028799999995
2001.9999999999998,0.15857982099999998
2003.0,0.158443275
2004.0,0.158275373
2005.0,0.158110553
2006.0000000000002,0.15798218099999994
2007.0000000000002,0.157873172
2008.0,0.157764029
2009.0000000000005,0.15765790099999993
2009.9999999999998,0.15752906
2011.0000000000002,0.157416567
2012.0,0.15730708899999998
2013.0,0.15719761100000001
2014.0000000000002,0.15706535299999994
2015.0000000000002,0.15695554
2016.0,0.15684532499999998
2017.0000000000005,0.15673510999999996
2017.9999999999998,0.156624493
2019.0000000000002,0.156494513
2020.0,0.156383628
2021.0,0.15627280999999998
2022.0000000000002,0.15616493999999995
2023.0000000000002,0.15603763999999998
2024.0,0.155926018
2025.0000000000005,0.15581747799999995
2025.9999999999998,0.155708469
2027.0000000000002,0.155599259
2028.0,0.15547082
2029.0,0.155361074
2030.0000000000002,0.15525407499999994
2031.0000000000002,0.155146607
2032.0,0.15503867
2033.0000000000005,0.15491471999999995
2033.9999999999998,0.15480597899999998
2035.0000000000002,0.154700387
2036.0,0.15459110999999998
2037.0,0.154484647
2038.0000000000002,0.15435895499999994
2038.9999999999998,0.15424887400000004
2040.0,0.154141138
2041.0,0.154026836
2041.9999999999998,0.153908581
2043.0000000000002,0.153793542
2044.0,0.15366517
2045.0,0.153561923
2046.0000000000002,0.15347978099999998
2046.9999999999998,0.15340715300000002
2048.0,0.153330505
2049.0,0.153228933
2050.0,0.153132587
2051.0,0.15300053
2052.0,0.152851723
2053.0,0.152699633
2054.0000000000005,0.15255008899999992
2054.9999999999995,0.15239732900000008
2056.0,0.152300112
2057.0,0.152218707
2058.0,0.152142461
2059.0,0.152066215
2060.0,0.151982934
2061.0,0.151867426
2062.0000000000005,0.15172645799999995
2062.9999999999995,0.15159734900000005
2064.0,0.151464354
2065.0,0.15133109099999997
2066.0,0.151203322
2067.0,0.151075352
2068.0,0.150946511
2069.0,0.150795895
2070.0000000000005,0.15066598199999995
2070.9999999999995,0.15054263500000004
2072.0,0.15041828299999999
2073.0,0.150293797
2074.0,0.15016823899999998
2075.0,0.150042547
2076.0,0.14991585000000002
2077.0,0.149770728
2078.0000000000005,0.14964282499999992
2078.9999999999995,0.14951472100000007
2080.0,0.149385411
2081.0,0.149267022
2082.0,0.14914769499999997
2083.0,0.149031048
2084.0,0.148910314
2085.0,0.148789312
2086.0000000000005,0.14864613299999996
2086.9999999999995,0.14851729200000005
2088.0,0.14839387799999998
2089.0,0.148273278
2090.0,0.148160919
2091.0,0.148070201
2092.0,0.147987992
2093.0,0.147908329
2094.0000000000005,0.14782149699999997
2094.9999999999995,0.14773104700000003
2096.0,0.147623713
2097.0,0.147488507
2098.0,0.14736696900000001
2099.0,0.147241813
2100.0,0.147115451
2101.0,0.146998737
2102.0000000000005,0.14687780199999995
2102.9999999999995,0.14675954700000005
2104.0,0.146637071
2105.0,0.146517275
2106.0,0.146396809
2107.0,0.14627239
2108.0,0.146150651
2109.0,0.146028108
2110.0000000000005,0.14590489499999992
2110.9999999999995,0.14578697500000004
2112.0,0.14566818399999998
2113.0,0.145548924
2114.0,0.145411507
2115.0,0.14529445800000002
2116.0,0.145173523
2117.0,0.145052119
2118.0000000000005,0.14493339499999994
2119.0,0.14481112000000004
2120.0,0.144691458
2121.0,0.144507945
2122.0,0.14441515
2123.0,0.14431036200000003
2124.0,0.144179042
2125.0,0.144086314
2126.0000000000005,0.14400584699999996
2127.0,0.143949098
2128.0,0.143851412
2129.0,0.143776238
2130.0,0.143697714
2131.0,0.14359125099999995
2132.0,0.1435073
2133.0,0.14338770499999998
2134.0000000000005,0.14329377099999993
2135.0,0.143173573
2136.0,0.143100275
2137.0,0.142982824
2138.0,0.142897533
2139.0000000000005,0.14277974699999993
2140.0,0.142661961
2141.0,0.142564007
2142.0000000000005,0.14243409399999996
2143.0,0.142303913
2144.0,0.142176881
2145.0,0.14207886
2146.0,0.141948545
2147.0000000000005,0.14182157999999995
2148.0,0.14168021
2149.0,0.141570062
2150.0000000000005,0.14147190699999995
2151.0,0.14132604799999998
2152.0,0.14118353900000002
2153.0,0.141041097
2154.0,0.140895439
2155.0000000000005,0.14075346599999994
2156.0,0.14061142599999998
2157.0,0.140469654
2158.0000000000005,0.1403280829999999
2159.0,0.140172442
2160.0,0.14003134
2161.0,0.13989506200000001
2162.0,0.139762067
2163.0000000000005,0.1396296079999999
2164.0,0.139475039
2165.0,0.13937246199999997
2166.0,0.13925514499999997
2167.0,0.13915893299999998
2168.0,0.139062721
2169.0,0.13896737999999997
2170.0,0.138865473
2171.0000000000005,0.13871499099999995
2171.9999999999995,0.13858615000000005
2173.0,0.13844096099999997
2174.0,0.138306626
2175.0,0.138189577
2176.0,0.138031189
2177.0,0.13790509499999998
2178.0,0.13776198299999998
2179.0000000000005,0.13763689399999993
2179.9999999999995,0.13748065000000007
2181.0,0.137352814
2182.0,0.137221963
2183.0,0.137108197
2184.0,0.136936476
2185.0,0.13680783600000002
2186.0,0.13668247900000002
2187.0000000000005,0.13655497799999994
2187.9999999999995,0.13640014100000009
2189.0,0.13627398
2190.0,0.13615344699999998
2191.0,0.136034187
2192.0,0.135918478
2193.0,0.135773021
2194.0,0.13565871899999998
2195.0000000000005,0.13554548899999996
2195.9999999999995,0.13542857400000008
2197.0,0.135286199
2198.0,0.135174778
2199.0,0.13506797999999998
2200.0,0.13496788199999998
2201.0,0.13489431600000001
2202.0,0.134811504
2203.0000000000005,0.13473023299999995
2203.9999999999995,0.13465251300000003
2205.0,0.134566351
2206.0,0.134495398
2207.0,0.13441084399999997
2208.0,0.13430753
2209.0,0.134208772
2210.0,0.13410719999999998
2211.0000000000005,0.13401045199999995
2211.9999999999995,0.13390171100000006
2213.0,0.13379075899999998
2214.0,0.13368349200000001
2215.0,0.13357723
2216.0,0.13351411600000002
2217.0,0.133412343
2218.0,0.13330788999999998
2219.0000000000005,0.13320745699999997
2219.9999999999995,0.13310434400000004
2221.0,0.133032587
2222.0,0.132948971
2223.0,0.13286301
2224.0,0.13278046599999999
2225.0,0.132710987
2226.0,0.13262649999999998
2227.0000000000005,0.13254241499999997
2227.9999999999995,0.13245893300000006
2229.0,0.13239133
2230.0,0.13230858499999998
2231.0,0.13221793399999998
2232.0,0.132130901
2233.0,0.13205968
2234.0,0.131976667
2235.0000000000005,0.13190042099999996
2235.9999999999995,0.13183750800000002
2237.0,0.131793422
2238.0,0.13173754399999998
2239.0,0.13170243599999998
2240.0,0.13164642399999998
2241.0,0.13155255700000001
2242.0,0.131455809
2243.0000000000005,0.13134947999999996
2244.0,0.13127209500000003
2245.0,0.131163019
2246.0,0.131060643
2247.0,0.130955185
2248.0,0.130865137
2249.0,0.13075988
2250.0,0.130654891
2251.0000000000005,0.13057288299999997
2252.0,0.13047573299999998
2253.0,0.13037871699999998
2254.0,0.130278552
2255.0,0.130196678
2256.0,0.13010301199999996
2257.0,0.12997959799999997
2258.0,0.129901275
2259.0000000000005,0.12980760899999993
2260.0,0.129713943
2261.0,0.12963401200000002
2262.0,0.129542155
2263.0,0.129453648
2264.0000000000005,0.12937150599999997
2265.0,0.12931408700000002
2266.0,0.129257807
2267.0000000000005,0.12921130899999997
2268.0,0.129179551
2269.0,0.129132785
2270.0,0.129082535
2271.0,0.129028466
2272.0000000000005,0.12895938899999998
2273.0,0.128883478
2274.0,0.128819024
2275.0000000000005,0.12874284499999997
2276.0,0.12867269599999998
2277.0,0.128602547
2278.0,0.128546736
2279.0,0.12847605099999998
2280.0000000000005,0.128408113
2281.0,0.12836087799999998
2282.0,0.128295084
2283.0000000000005,0.12824878699999998
2284.0,0.128200279
2285.0,0.128136897
2286.0,0.12807606100000002
2287.0,0.12805261099999998
2288.0000000000005,0.12799103799999997
2289.0,0.127929398
2290.0,0.127881627
2291.0000000000005,0.12780953499999997
2292.0,0.12773663899999999
2293.0,0.12766381
2294.0,0.127604582
2295.0,0.127530614
2296.0000000000005,0.127455775
2296.9999999999995,0.12739554200000003
2298.0,0.127319631
2299.0,0.127240236
2300.0,0.127177926
2301.0,0.12708218300000002
2302.0,0.126988785
2303.0,0.126925939
2304.0000000000005,0.12686041299999995
2304.9999999999995,0.12677874000000003
2306.0,0.126720517
2307.0,0.126654187
2308.0,0.126590068
2309.0,0.126525748
2310.0,0.12649064
2311.0,0.126399386
2312.0000000000005,0.12629714399999997
2312.9999999999995,0.12620924000000006
2314.0,0.126099226
2315.0,0.12600495699999997
2316.0,0.125940369
2317.0,0.12583558099999997
2318.0,0.125729922
2319.0,0.125638266
2320.0000000000005,0.12553173599999995
2320.9999999999995,0.12541354800000004
2322.0,0.12532015
2323.0,0.125215362
2324.0,0.125098849
2325.0,0.124991515
2326.0,0.12488498499999999
2327.0,0.124789577
2328.0000000000005,0.12466810599999997
2328.9999999999995,0.12456392100000004
2330.0,0.124441646
2331.0,0.124327143
2332.0,0.124240512
2333.0,0.12413934199999999
2334.0,0.124030065
2335.0,0.12393981600000001
2336.0000000000005,0.12386410599999997
2336.9999999999995,0.12380581600000001
2338.0,0.12372541599999999
2339.0,0.12363798100000001
2340.0,0.12356434799999999
2341.0,0.12346425
2342.0,0.123382242
2343.0,0.12328556100000002
2344.0000000000005,0.12317480999999997
2344.9999999999995,0.12307618600000003
2346.0,0.12299317300000001
2347.0,0.12289903799999999
2348.0,0.12279063200000001
2349.0,0.12268544199999998
2350.0,0.122576835
2351.0,0.122507021
2352.0000000000005,0.12239841399999993
2352.9999999999995,0.12228967300000004
2354.0,0.122210345
2355.0,0.12210120199999999
2356.0,0.122016983
2357.0,0.12191119
2358.0,0.12181578199999998
2359.0,0.12170972099999999
2360.0000000000005,0.12160372699999997
2360.9999999999995,0.12152118300000003
2362.0,0.12142744999999999
2363.0,0.121323265
2364.0,0.12122812499999999
2365.0,0.121124007
2366.0,0.121041262
2367.0,0.12095087900000001
2368.0000000000005,0.12084669399999996
2369.0,0.12074284400000003
2370.0,0.12063892699999999
2371.0,0.12053856099999999
2372.0,0.12045239899999999
2373.0,0.120345333
2374.0,0.12023826700000001
2375.0,0.12016718000000001
2376.0000000000005,0.12008048199999999
2377.0,0.12002507299999998
2378.0,0.119948693
2379.0,0.11986929799999999
2380.0,0.11980002
2381.0,0.11970822999999996
2382.0,0.11960987399999999
2383.0,0.119529541
2384.0000000000005,0.11942830399999996
2385.0,0.11933751899999999
2386.0,0.119240034
2387.0,0.11913960099999998
2388.0,0.119054779
2389.0000000000005,0.11895501599999997
2390.0,0.11888279
2391.0,0.118808353
2392.0000000000005,0.11871729999999994
2393.0,0.118630401
2394.0,0.118543301
2395.0,0.11845687099999999
2396.0,0.11836722499999999
2397.0000000000005,0.11829473099999996
2398.0,0.118208971
2399.0,0.11814465099999999
2400.0000000000005,0.11805976199999996
2401.0,0.117964555
2402.0,0.11786613200000001
2403.0,0.11777179600000001
2404.0,0.11768730899999999
2405.0000000000005,0.11759049399999996
2406.0,0.11749702899999999
2407.0,0.117401286
2408.0000000000005,0.11730540899999997
2409.0,0.11722588
2410.0,0.11715486
2411.0,0.117066755
2412.0,0.116978784
2413.0000000000005,0.11690468199999995
2414.0,0.116824282
2415.0,0.116751654
2416.0000000000005,0.11668927699999998
2417.0,0.11663447099999999
2418.0,0.116579665
2419.0,0.11652579699999999
2420.0,0.116465363
2421.0000000000005,0.11640338799999997
2421.9999999999995,0.11633826400000002
2423.0,0.116270393
2424.0,0.116199373
2425.0,0.116132172
2426.0,0.11607816999999998
2427.0,0.11603870699999999
2428.0,0.11597244400000001
2429.0000000000005,0.11591013399999996
2429.9999999999995,0.11584447400000003
2431.0,0.11579442499999999
2432.0,0.11574437600000001
2433.0,0.11569493
2434.0,0.115645417
2435.0,0.11559650699999999
2436.0,0.11554753
2437.0000000000005,0.11549908899999997
2437.9999999999995,0.11545064800000002
2439.0,0.115402542
2440.0,0.11535812100000001
2441.0,0.115311891
2442.0,0.115269279
2443.0,0.115226935
2444.0,0.115184591
2445.0000000000005,0.11514264899999999
2445.9999999999995,0.11510070700000002
2447.0,0.11505903299999999
2448.0,0.11499310499999998
2449.0,0.114951632
2450.0,0.114910293
2451.0,0.11486660900000001
2452.0,0.11482305899999999
2453.0000000000005,0.11475625999999998
2453.9999999999995,0.114716328
2455.0,0.114673113
2456.0,0.11462983099999999
2457.0,0.114586683
2458.0,0.114546952
2459.0,0.114503938
2460.0,0.114464274
2461.0000000000005,0.11439298599999997
2461.9999999999995,0.11433764400000002
2463.0,0.11427901899999998
2464.0,0.11422374399999999
2465.0,0.114164918
2466.0,0.11410970999999999
2467.0,0.114054502
2468.0,0.113999227
2469.0000000000005,0.11390468999999998
2469.9999999999995,0.11384941500000002
2471.0,0.11380251499999999
2472.0,0.113755548
2473.0,0.113708581
2474.0,0.11365799600000001
2475.0,0.113586775
2476.0,0.113536056
2477.0000000000005,0.11348520299999998
2477.9999999999995,0.11343414900000001
2479.0,0.113367015
2480.0,0.113313683
2481.0,0.113282126
2482.0,0.11325740299999999
2483.0,0.113235963
2484.0,0.113211039
2485.0000000000005,0.11316641699999998
2485.9999999999995,0.11312722200000003
2487.0,0.11305446
2488.0,0.11300421
2489.0,0.112938148
2490.0,0.112884012
2491.0,0.112822707
2492.0,0.11274974399999999
2493.0000000000005,0.11265279499999997
2494.0,0.11259410300000001
2495.0,0.112531927
2496.0,0.11246057199999998
2497.0,0.112397793
2498.0,0.112334545
2499.0,0.112251934
2500.0,0.11217943999999999
2501.0,0.11210868799999998
2502.0,0.11203760099999996
2503.0,0.11195767
2504.0,0.11186306599999998
2505.0,0.111794726
2506.0,0.11169878199999995
2507.0,0.111629705
2508.0,0.11153737899999999
2509.0,0.11145550500000001
2510.0000000000005,0.11138153699999996
2511.0,0.11131520699999999
2512.0,0.111213233
2513.0,0.111146099
2514.0000000000005,0.11106603399999997
2515.0,0.110998029
2516.0,0.11090670799999999
2517.0,0.11082577199999999
2518.0000000000005,0.11074503699999996
2519.0,0.110652845
2520.0,0.11057050199999999
2521.0,0.11050470800000001
2522.0000000000005,0.11040032199999997
2523.0,0.11033037399999998
2524.0,0.11025138099999998
2525.0,0.110180696
2526.0000000000005,0.11008709699999997
2527.0,0.11000750100000001
2528.0,0.109924488
2529.0,0.109821844
2530.0000000000005,0.10974968499999996
2531.0,0.109671496
2532.0,0.10958252
2533.0,0.109503862
2534.0000000000005,0.10944027899999997
2535.0,0.109361554
2536.0,0.109303398
2537.0,0.10926406899999999
2538.0000000000005,0.10917938099999998
2539.0,0.109139918
2540.0,0.109081293
2541.0,0.108998347
2542.0000000000005,0.10891861699999995
2543.0,0.10885061200000001
2544.0,0.10874502
2545.0,0.10867353099999999
2546.0000000000005,0.10857142299999996
2547.0,0.10849577999999999
2548.0,0.10841598300000001
2549.0,0.108314143
2550.0,0.108246071
2551.0,0.108169356
2552.0,0.108078906
2553.0,0.10799864
2554.0,0.107930367
2555.0,0.107828393
2556.0,0.107763872
2557.0,0.107673355
2558.0,0.107583575
2559.0,0.107507798
2560.0,0.10742860399999998
2561.0,0.107340097
2562.0,0.10726572699999999
2563.0,0.10719959800000001
2564.0,0.107103855
2565.0,0.10703015500000002
2566.0,0.106950224
2567.0,0.106851801
2568.0,0.10678694500000001
2569.0,0.106714317
2570.0,0.106627418
2571.0,0.10658406899999999
2572.0,0.106536633
2573.0,0.106479482
2574.0,0.106429299
2575.0,0.10637596699999999
2576.0,0.10629154700000001
2577.0,0.106224815
2578.0,0.10615145
2579.0,0.10606857099999999
2580.0,0.10599601
2581.0,0.10593148899999999
2582.0,0.105875343
2583.0,0.105786568
2584.0,0.10571997
2585.0,0.105668782
2586.0,0.105581749
2587.0,0.105506039
2588.0,0.105456392
2589.0,0.105392474
2590.0,0.10531106900000001
2591.0,0.10526343199999999
2592.0,0.10520849199999999
2593.0,0.105154155
2594.0,0.10508668600000001
2595.0,0.105033823
2596.0,0.10498122800000001
2597.0,0.104937343
2598.0,0.104864648
2599.0,0.10480374499999999
2600.0,0.10475389699999998
2601.0,0.10470626
2602.0,0.104651186
2603.0,0.104597318
2604.0,0.104533735
2605.0,0.10447778999999999
2606.0,0.104425731
2607.0,0.104374945
2608.0,0.10433561599999999
2609.0,0.10428637099999999
2610.0,0.104237461
2611.0,0.10419250399999999
2612.0,0.10415886999999999
2613.0,0.10411558799999998
2614.0,0.10407243999999999
2615.0,0.10403089999999998
2616.0,0.10400436799999999
2617.0,0.103964503
2618.0,0.10392490599999998
2619.0,0.103886917
2620.0,0.103863869
2621.0,0.103830235
2622.0,0.103796601
2623.0,0.10376839399999999
2624.0,0.103736636
2625.0,0.103721159
2626.0,0.103694694
2627.0,0.10367345499999997
2628.0,0.103648531
2629.0,0.103621597
2630.0,0.10360203299999998
2631.0,0.10355995699999998
2632.0,0.103510511
2633.0,0.10346227100000001
2634.0,0.103417649
2635.0000000000005,0.10338890599999997
2636.0,0.10335989500000001
2637.0,0.10333557400000001
2638.0,0.103318489
2639.0000000000005,0.10329859
2640.0,0.10329349800000001
2641.0,0.103271589
2642.0,0.103253231
2643.0000000000005,0.103231992
2644.0,0.10321798899999998
2645.0,0.10320814
2646.0,0.10322046799999998
2647.0000000000005,0.103225761
2648.0,0.10323487299999999
2649.0,0.10324056799999999
2650.0,0.103242645
2651.0000000000005,0.103229111
2652.0,0.103223014
2653.0,0.103198559
2654.0,0.10317778899999999
2655.0000000000005,0.10315333399999999
2656.0,0.103132497
2657.0,0.103111593
2658.0,0.10309437399999999
2659.0000000000005,0.10308418999999996
2660.0,0.103063018
2661.0,0.103042784
2662.0,0.10301873099999999
2663.0000000000005,0.102994477
2664.0,0.10297363999999999
2665.0,0.102948783
2666.0,0.102938398
2667.0000000000005,0.10291293799999998
2668.0,0.102890761
2669.0,0.102868249
2670.0,0.10284164999999999
2671.0000000000005,0.10282148299999996
2672.0,0.102786777
2673.0,0.10276560500000001
2674.0,0.10274403099999999
2675.0000000000005,0.10273270799999998
2676.0,0.102710062
2677.0,0.102669326
2678.0,0.102645407
2679.0,0.102620818
2680.0,0.10258805499999998
2681.0,0.102541423
2682.0,0.10249043599999999
2683.0,0.102438645
2684.0,0.102396904
2685.0,0.102347324
2686.0,0.10231174700000001
2687.0,0.102275366
2688.0,0.102245685
2689.0,0.102214999
2690.0,0.102152354
2691.0,0.10210625799999999
2692.0,0.10205915699999998
2693.0,0.102014937
2694.0,0.101965759
2695.0,0.10192663099999999
2696.0,0.10188288000000001
2697.0,0.101813535
2698.0,0.101763821
2699.0,0.10170928299999998
2700.0,0.10163565
2701.0,0.101580844
2702.0,0.10150674199999998
2703.0,0.10143170199999998
2704.0,0.10135867199999998
2705.0,0.10128859000000001
2706.0,0.10122815599999999
2707.0,0.10117053599999999
2708.0,0.101125713
2709.0,0.101069232
2710.0,0.10101074099999999
2711.0,0.100941262
2712.0,0.10086588699999999
2713.0,0.10079339300000001
2714.0,0.100718889
2715.0,0.100639762
2716.0,0.100565928
2717.0,0.10050147400000001
2718.0,0.100420672
2719.0,0.10033531400000001
2720.0,0.10024365800000001
2721.0,0.100144297
2722.0,0.100042256
2723.0,0.099932041
2724.0,0.099833283
2725.0,0.099730974
2726.0,0.099637308
2727.0,0.099546724
2728.0,0.099457078
2729.0,0.09936716400000001
2730.0,0.09926679799999999
2731.0,0.099158794
2732.0,0.099020372
2733.0,0.09890204999999999
2734.0,0.09878131600000001
2735.0,0.098668019
2736.0,0.098567921
2737.0,0.098467622
2738.0,0.098369333
2739.0,0.098270843
2740.0,0.098147027
2741.0,0.09802803500000001
2742.0,0.09790750200000001
2743.0,0.097793669
2744.0,0.097664426
2745.0,0.09751923699999998
2746.0,0.09738918999999999
2747.0,0.097249361
2748.0,0.09712246299999999
2749.0,0.096979552
2750.0,0.096859957
2751.0,0.09675168499999999
2752.0,0.09662706499999996
2753.0,0.096522478
2754.0,0.09641789099999999
2755.0,0.096280273
2756.0,0.09616107999999995
2757.0,0.096038135
2758.0,0.095892477
2759.0,0.095762631
2760.0000000000005,0.09560832999999994
2761.0,0.095497512
2762.0,0.095368135
2763.0,0.095258523
2764.0000000000005,0.09512479099999996
2765.0,0.095024157
2766.0,0.094916756
2767.0,0.09482697599999998
2768.0000000000005,0.09472526999999997
2769.0,0.094647081
2770.0,0.094534119
2771.0,0.09441887900000001
2772.0000000000005,0.09432474399999993
2773.0,0.094194898
2774.0,0.09408655899999999
2775.0,0.093982441
2776.0000000000005,0.09387068499999994
2777.0,0.09375028599999999
2778.0,0.093641746
2779.0,0.09352456299999999
2780.0000000000005,0.09343846799999997
2781.0,0.093336427
2782.0,0.093239746
2783.0,0.09313
2784.0000000000005,0.09302963399999994
2785.0,0.09292364
2786.0,0.092810142
2787.0,0.092709776
2788.0000000000005,0.09260002999999994
2789.0,0.092494103
2790.0,0.09240130799999999
2791.0,0.092317558
2792.0000000000005,0.09221873299999997
2793.0,0.092148048
2794.0,0.09206825099999999
2795.0,0.091984501
2796.0000000000005,0.09189317999999994
2797.0,0.091775595
2798.0,0.09167301800000001
2799.0,0.091579888
2800.0000000000005,0.09145861799999996
2801.0,0.091367565
2802.0,0.09125788599999998
2803.0,0.091162947
2804.0000000000005,0.09105326799999997
2805.0,0.09096214799999999
2806.0,0.090839136
2807.0,0.090735018
2808.0,0.09062540599999999
2809.0,0.090515794
2810.0,0.090432178
2811.0,0.09034682
2812.0,0.090265348
2813.0,0.09019674
2814.0,0.09011908699999999
2815.0,0.09003372899999999
2816.0,0.089940934
