Wavelength,Transmission
3798.0,0.000102
3799.0,0.000105
3800.0,0.000107
3801.0,0.000109
3802.0,0.00011
3803.0,0.000112
3804.0,0.000114
3805.0,0.000118
3806.0,0.000123
3807.0,0.00013
3808.0,0.00014
3809.0,0.000152
3810.0,0.000168
3811.0,0.000188
3812.0,0.000211
3813.0,0.000238
3814.0,0.000269
3815.0,0.000304
3816.0,0.000343
3817.0,0.000385
3818.0,0.000431
3819.0,0.000481
3820.0,0.000534
3821.0,0.000591
3822.0,0.000652
3823.0,0.000717
3824.0,0.000787
3825.0,0.000861
3826.0,0.00094
3827.0,0.001025
3828.0,0.001114
3829.0,0.00121
3830.0,0.001312
3831.0,0.00142
3832.0,0.001535
3833.0,0.001657
3834.0,0.001787
3835.0,0.001926
3836.0,0.002073
3837.0,0.00223
3838.0,0.002397
3839.0,0.002574
3840.0,0.002762
3841.0,0.002962
3842.0,0.003174
3843.0,0.003399
3844.0,0.003638
3845.0,0.003892
3846.0,0.004162
3847.0,0.004449
3848.0,0.004753
3849.0,0.005075
3850.0,0.005417
3851.0,0.005779
3852.0,0.006162
3853.0,0.006566
3854.0,0.006993
3855.0,0.007443
3856.0,0.007917
3857.0,0.008416
3858.0,0.008941
3859.0,0.009492
3860.0,0.01007
3861.0,0.010676
3862.0,0.011312
3863.0,0.011979
3864.0,0.012677
3865.0,0.013409
3866.0,0.014176
3867.0,0.014979
3868.0,0.01582
3869.0,0.0167
3870.0,0.01762
3871.0,0.018582
3872.0,0.019587
3873.0,0.020635
3874.0,0.021729
3875.0,0.02287
3876.0,0.024058
3877.0,0.025295
3878.0,0.026582
3879.0,0.02792
3880.0,0.02931
3881.0,0.030754
3882.0,0.03225
3883.0,0.033799
3884.0,0.0354
3885.0,0.037053
3886.0,0.038756
3887.0,0.04051
3888.0,0.042314
3889.0,0.044168
3890.0,0.04607
3891.0,0.048021
3892.0,0.050017
3893.0,0.052059
3894.0,0.054142
3895.0,0.056265
3896.0,0.058427
3897.0,0.060624
3898.0,0.062855
3899.0,0.065118
3900.0,0.06741
3901.0,0.06973
3902.0,0.072076
3903.0,0.074447
3904.0,0.07684
3905.0,0.079256
3906.0,0.081692
3907.0,0.084147
3908.0,0.086619
3909.0,0.089107
3910.0,0.09161
3911.0,0.094126
3912.0,0.096653
3913.0,0.099191
3914.0,0.101737
3915.0,0.10429
3916.0,0.106848
3917.0,0.109409
3918.0,0.111973
3919.0,0.114537
3920.0,0.1171
3921.0,0.11966
3922.0,0.122216
3923.0,0.124766
3924.0,0.127308
3925.0,0.129841
3926.0,0.132362
3927.0,0.13487
3928.0,0.137364
3929.0,0.139841
3930.0,0.1423
3931.0,0.14474
3932.0,0.14716
3933.0,0.149562
3934.0,0.151945
3935.0,0.154311
3936.0,0.156661
3937.0,0.158994
3938.0,0.161311
3939.0,0.163613
3940.0,0.1659
3941.0,0.168173
3942.0,0.170434
3943.0,0.172683
3944.0,0.174922
3945.0,0.177151
3946.0,0.179372
3947.0,0.181587
3948.0,0.183795
3949.0,0.185999
3950.0,0.1882
3951.0,0.190399
3952.0,0.192597
3953.0,0.194797
3954.0,0.197
3955.0,0.199209
3956.0,0.201425
3957.0,0.20365
3958.0,0.205887
3959.0,0.208136
3960.0,0.2104
3961.0,0.212681
3962.0,0.214982
3963.0,0.217307
3964.0,0.219657
3965.0,0.222038
3966.0,0.224451
3967.0,0.226901
3968.0,0.22939
3969.0,0.231922
3970.0,0.2345
3971.0,0.237127
3972.0,0.239803
3973.0,0.24253
3974.0,0.245309
3975.0,0.248139
3976.0,0.251023
3977.0,0.25396
3978.0,0.256951
3979.0,0.259998
3980.0,0.2631
3981.0,0.266258
3982.0,0.26947
3983.0,0.272731
3984.0,0.27604
3985.0,0.279392
3986.0,0.282785
3987.0,0.286216
3988.0,0.289681
3989.0,0.293176
3990.0,0.2967
3991.0,0.300248
3992.0,0.303816
3993.0,0.307399
3994.0,0.310993
3995.0,0.314592
3996.0,0.318191
3997.0,0.321787
3998.0,0.325373
3999.0,0.328946
4000.0,0.3325
4001.0,0.336031
4002.0,0.339536
4003.0,0.343012
4004.0,0.346456
4005.0,0.349866
4006.0,0.353239
4007.0,0.356571
4008.0,0.359861
4009.0,0.363105
4010.0,0.3663
4011.0,0.369444
4012.0,0.372535
4013.0,0.375571
4014.0,0.37855
4015.0,0.381469
4016.0,0.384326
4017.0,0.38712
4018.0,0.389848
4019.0,0.392509
4020.0,0.3951
4021.0,0.39762
4022.0,0.400073
4023.0,0.402461
4024.0,0.404789
4025.0,0.40706
4026.0,0.409278
4027.0,0.411448
4028.0,0.413572
4029.0,0.415655
4030.0,0.4177
4031.0,0.419712
4032.0,0.421697
4033.0,0.423664
4034.0,0.425618
4035.0,0.427567
4036.0,0.42952
4037.0,0.431482
4038.0,0.433461
4039.0,0.435465
4040.0,0.4375
4041.0,0.439574
4042.0,0.441689
4043.0,0.443848
4044.0,0.446054
4045.0,0.448308
4046.0,0.450614
4047.0,0.452973
4048.0,0.455389
4049.0,0.457864
4050.0,0.4604
4051.0,0.462999
4052.0,0.465663
4053.0,0.46839
4054.0,0.471182
4055.0,0.474038
4056.0,0.47696
4057.0,0.479946
4058.0,0.482999
4059.0,0.486116
4060.0,0.4893
4061.0,0.492549
4062.0,0.495861
4063.0,0.499233
4064.0,0.50266
4065.0,0.506139
4066.0,0.509667
4067.0,0.513241
4068.0,0.516857
4069.0,0.520511
4070.0,0.5242
4071.0,0.52792
4072.0,0.531664
4073.0,0.535425
4074.0,0.539196
4075.0,0.542968
4076.0,0.546735
4077.0,0.550489
4078.0,0.554223
4079.0,0.557929
4080.0,0.5616
4081.0,0.565229
4082.0,0.568808
4083.0,0.572332
4084.0,0.575795
4085.0,0.579188
4086.0,0.582507
4087.0,0.585744
4088.0,0.588892
4089.0,0.591947
4090.0,0.5949
4091.0,0.597747
4092.0,0.600486
4093.0,0.603117
4094.0,0.60564
4095.0,0.608054
4096.0,0.610361
4097.0,0.612559
4098.0,0.614648
4099.0,0.616629
4100.0,0.6185
4101.0,0.620263
4102.0,0.621921
4103.0,0.623478
4104.0,0.624939
4105.0,0.626307
4106.0,0.627586
4107.0,0.628781
4108.0,0.629896
4109.0,0.630934
4110.0,0.6319
4111.0,0.632799
4112.0,0.633636
4113.0,0.634418
4114.0,0.635152
4115.0,0.635843
4116.0,0.6365
4117.0,0.637127
4118.0,0.637732
4119.0,0.638321
4120.0,0.6389
4121.0,0.639476
4122.0,0.640054
4123.0,0.640639
4124.0,0.641234
4125.0,0.641845
4126.0,0.642477
4127.0,0.643133
4128.0,0.64382
4129.0,0.64454
4130.0,0.6453
4131.0,0.646103
4132.0,0.646951
4133.0,0.647845
4134.0,0.648786
4135.0,0.649776
4136.0,0.650816
4137.0,0.651907
4138.0,0.653051
4139.0,0.654248
4140.0,0.6555
4141.0,0.656807
4142.0,0.658168
4143.0,0.659578
4144.0,0.661036
4145.0,0.662538
4146.0,0.66408
4147.0,0.665661
4148.0,0.667276
4149.0,0.668924
4150.0,0.6706
4151.0,0.672302
4152.0,0.674027
4153.0,0.67577
4154.0,0.677529
4155.0,0.679299
4156.0,0.681077
4157.0,0.68286
4158.0,0.684644
4159.0,0.686425
4160.0,0.6882
4161.0,0.689965
4162.0,0.691718
4163.0,0.693454
4164.0,0.695172
4165.0,0.696867
4166.0,0.698537
4167.0,0.700178
4168.0,0.701788
4169.0,0.703363
4170.0,0.7049
4171.0,0.706396
4172.0,0.707851
4173.0,0.709264
4174.0,0.710633
4175.0,0.711958
4176.0,0.713239
4177.0,0.714474
4178.0,0.715663
4179.0,0.716805
4180.0,0.7179
4181.0,0.718947
4182.0,0.719949
4183.0,0.720909
4184.0,0.721829
4185.0,0.722713
4186.0,0.723565
4187.0,0.724386
4188.0,0.72518
4189.0,0.725951
4190.0,0.7267
4191.0,0.727432
4192.0,0.728148
4193.0,0.728853
4194.0,0.729549
4195.0,0.730238
4196.0,0.730925
4197.0,0.731611
4198.0,0.732301
4199.0,0.732996
4200.0,0.7337
4201.0,0.734415
4202.0,0.735142
4203.0,0.735879
4204.0,0.736627
4205.0,0.737384
4206.0,0.73815
4207.0,0.738926
4208.0,0.73971
4209.0,0.740501
4210.0,0.7413
4211.0,0.742106
4212.0,0.742918
4213.0,0.743736
4214.0,0.74456
4215.0,0.745389
4216.0,0.746223
4217.0,0.747061
4218.0,0.747904
4219.0,0.74875
4220.0,0.7496
4221.0,0.750452
4222.0,0.751304
4223.0,0.752152
4224.0,0.752993
4225.0,0.753823
4226.0,0.754639
4227.0,0.755439
4228.0,0.756217
4229.0,0.756972
4230.0,0.7577
4231.0,0.758397
4232.0,0.75906
4233.0,0.759685
4234.0,0.760268
4235.0,0.760807
4236.0,0.761297
4237.0,0.761735
4238.0,0.762117
4239.0,0.76244
4240.0,0.7627
4241.0,0.762894
4242.0,0.763021
4243.0,0.763081
4244.0,0.763074
4245.0,0.762999
4246.0,0.762857
4247.0,0.762646
4248.0,0.762366
4249.0,0.762018
4250.0,0.7616
4251.0,0.761113
4252.0,0.760559
4253.0,0.759939
4254.0,0.759255
4255.0,0.758508
4256.0,0.757701
4257.0,0.756835
4258.0,0.755911
4259.0,0.754932
4260.0,0.7539
4261.0,0.752816
4262.0,0.751687
4263.0,0.750517
4264.0,0.749313
4265.0,0.748081
4266.0,0.746826
4267.0,0.745555
4268.0,0.744273
4269.0,0.742986
4270.0,0.7417
4271.0,0.740421
4272.0,0.739152
4273.0,0.737897
4274.0,0.73666
4275.0,0.735444
4276.0,0.734252
4277.0,0.733088
4278.0,0.731956
4279.0,0.730859
4280.0,0.7298
4281.0,0.728784
4282.0,0.727815
4283.0,0.726898
4284.0,0.72604
4285.0,0.725245
4286.0,0.724518
4287.0,0.723864
4288.0,0.72329
4289.0,0.7228
4290.0,0.7224
4291.0,0.722094
4292.0,0.721883
4293.0,0.72177
4294.0,0.721756
4295.0,0.721841
4296.0,0.722026
4297.0,0.722314
4298.0,0.722704
4299.0,0.723199
4300.0,0.7238
4301.0,0.724506
4302.0,0.725317
4303.0,0.726228
4304.0,0.727238
4305.0,0.728343
4306.0,0.72954
4307.0,0.730828
4308.0,0.732202
4309.0,0.73366
4310.0,0.7352
4311.0,0.736818
4312.0,0.73851
4313.0,0.740274
4314.0,0.742105
4315.0,0.744
4316.0,0.745955
4317.0,0.747966
4318.0,0.75003
4319.0,0.752142
4320.0,0.7543
4321.0,0.756499
4322.0,0.758735
4323.0,0.761001
4324.0,0.763294
4325.0,0.765607
4326.0,0.767935
4327.0,0.770274
4328.0,0.772618
4329.0,0.774962
4330.0,0.7773
4331.0,0.779627
4332.0,0.781938
4333.0,0.784224
4334.0,0.78648
4335.0,0.788698
4336.0,0.790873
4337.0,0.792997
4338.0,0.795064
4339.0,0.797067
4340.0,0.799
4341.0,0.800856
4342.0,0.802633
4343.0,0.804326
4344.0,0.805933
4345.0,0.807451
4346.0,0.808877
4347.0,0.810208
4348.0,0.811441
4349.0,0.812572
4350.0,0.8136
4351.0,0.814521
4352.0,0.815337
4353.0,0.816047
4354.0,0.816655
4355.0,0.81716
4356.0,0.817565
4357.0,0.81787
4358.0,0.818076
4359.0,0.818186
4360.0,0.8182
4361.0,0.81812
4362.0,0.81795
4363.0,0.817694
4364.0,0.817358
4365.0,0.816946
4366.0,0.816462
4367.0,0.81591
4368.0,0.815297
4369.0,0.814625
4370.0,0.8139
4371.0,0.813126
4372.0,0.81231
4373.0,0.811455
4374.0,0.810569
4375.0,0.809657
4376.0,0.808724
4377.0,0.807776
4378.0,0.806819
4379.0,0.805859
4380.0,0.8049
4381.0,0.803949
4382.0,0.803009
4383.0,0.802085
4384.0,0.801181
4385.0,0.800301
4386.0,0.799449
4387.0,0.798628
4388.0,0.797844
4389.0,0.7971
4390.0,0.7964
4391.0,0.795748
4392.0,0.795146
4393.0,0.794597
4394.0,0.794102
4395.0,0.793664
4396.0,0.793285
4397.0,0.792967
4398.0,0.792712
4399.0,0.792522
4400.0,0.7924
4401.0,0.792347
4402.0,0.792363
4403.0,0.792449
4404.0,0.792605
4405.0,0.79283
4406.0,0.793125
4407.0,0.793489
4408.0,0.793923
4409.0,0.794427
4410.0,0.795
4411.0,0.795642
4412.0,0.796351
4413.0,0.797122
4414.0,0.797953
4415.0,0.798841
4416.0,0.79978
4417.0,0.80077
4418.0,0.801805
4419.0,0.802883
4420.0,0.804
4421.0,0.805153
4422.0,0.80634
4423.0,0.807559
4424.0,0.808807
4425.0,0.810083
4426.0,0.811384
4427.0,0.812708
4428.0,0.814054
4429.0,0.815418
4430.0,0.8168
4431.0,0.818196
4432.0,0.819603
4433.0,0.821016
4434.0,0.82243
4435.0,0.823841
4436.0,0.825245
4437.0,0.826638
4438.0,0.828014
4439.0,0.829369
4440.0,0.8307
4441.0,0.832002
4442.0,0.833272
4443.0,0.834509
4444.0,0.835711
4445.0,0.836878
4446.0,0.838005
4447.0,0.839093
4448.0,0.84014
4449.0,0.841142
4450.0,0.8421
4451.0,0.843011
4452.0,0.843874
4453.0,0.84469
4454.0,0.845456
4455.0,0.846174
4456.0,0.846841
4457.0,0.847458
4458.0,0.848024
4459.0,0.848538
4460.0,0.849
4461.0,0.849409
4462.0,0.849767
4463.0,0.850074
4464.0,0.850332
4465.0,0.850541
4466.0,0.850703
4467.0,0.850819
4468.0,0.850889
4469.0,0.850916
4470.0,0.8509
4471.0,0.850842
4472.0,0.850745
4473.0,0.85061
4474.0,0.85044
4475.0,0.850237
4476.0,0.850003
4477.0,0.84974
4478.0,0.849451
4479.0,0.849136
4480.0,0.8488
4481.0,0.848443
4482.0,0.848069
4483.0,0.847681
4484.0,0.847281
4485.0,0.846872
4486.0,0.846458
4487.0,0.84604
4488.0,0.845623
4489.0,0.845209
4490.0,0.8448
4491.0,0.8444
4492.0,0.844011
4493.0,0.843636
4494.0,0.843277
4495.0,0.842937
4496.0,0.842617
4497.0,0.842322
4498.0,0.842052
4499.0,0.84181
4500.0,0.8416
4501.0,0.841423
4502.0,0.841279
4503.0,0.841168
4504.0,0.841089
4505.0,0.841044
4506.0,0.841031
4507.0,0.84105
4508.0,0.841102
4509.0,0.841185
4510.0,0.8413
4511.0,0.841447
4512.0,0.841624
4513.0,0.841832
4514.0,0.842071
4515.0,0.842338
4516.0,0.842635
4517.0,0.84296
4518.0,0.843313
4519.0,0.843693
4520.0,0.8441
4521.0,0.844534
4522.0,0.844993
4523.0,0.845477
4524.0,0.845985
4525.0,0.846516
4526.0,0.847071
4527.0,0.847647
4528.0,0.848244
4529.0,0.848862
4530.0,0.8495
4531.0,0.850156
4532.0,0.850829
4533.0,0.851516
4534.0,0.852215
4535.0,0.852922
4536.0,0.853635
4537.0,0.854352
4538.0,0.85507
4539.0,0.855787
4540.0,0.8565
4541.0,0.857207
4542.0,0.857906
4543.0,0.858599
4544.0,0.859283
4545.0,0.859959
4546.0,0.860627
4547.0,0.861285
4548.0,0.861934
4549.0,0.862572
4550.0,0.8632
4551.0,0.863817
4552.0,0.864423
4553.0,0.865016
4554.0,0.865597
4555.0,0.866166
4556.0,0.866721
4557.0,0.867263
4558.0,0.86779
4559.0,0.868303
4560.0,0.8688
4561.0,0.869282
4562.0,0.869747
4563.0,0.870196
4564.0,0.870627
4565.0,0.871039
4566.0,0.871433
4567.0,0.871806
4568.0,0.872159
4569.0,0.87249
4570.0,0.8728
4571.0,0.873087
4572.0,0.873352
4573.0,0.873597
4574.0,0.873821
4575.0,0.874027
4576.0,0.874214
4577.0,0.874384
4578.0,0.874538
4579.0,0.874676
4580.0,0.8748
4581.0,0.87491
4582.0,0.875008
4583.0,0.875095
4584.0,0.875172
4585.0,0.875241
4586.0,0.875302
4587.0,0.875357
4588.0,0.875408
4589.0,0.875455
4590.0,0.8755
4591.0,0.875544
4592.0,0.875588
4593.0,0.875631
4594.0,0.875676
4595.0,0.875723
4596.0,0.875771
4597.0,0.875823
4598.0,0.875878
4599.0,0.875936
4600.0,0.876
4601.0,0.876069
4602.0,0.876143
4603.0,0.876224
4604.0,0.876311
4605.0,0.876406
4606.0,0.876508
4607.0,0.876618
4608.0,0.876736
4609.0,0.876863
4610.0,0.877
4611.0,0.877146
4612.0,0.877302
4613.0,0.877466
4614.0,0.877638
4615.0,0.877817
4616.0,0.878003
4617.0,0.878195
4618.0,0.878392
4619.0,0.878594
4620.0,0.8788
4621.0,0.87901
4622.0,0.879223
4623.0,0.879438
4624.0,0.879657
4625.0,0.879877
4626.0,0.880099
4627.0,0.880323
4628.0,0.880548
4629.0,0.880774
4630.0,0.881
4631.0,0.881227
4632.0,0.881454
4633.0,0.881683
4634.0,0.881915
4635.0,0.88215
4636.0,0.882389
4637.0,0.882632
4638.0,0.882882
4639.0,0.883137
4640.0,0.8834
4641.0,0.88367
4642.0,0.883947
4643.0,0.884228
4644.0,0.884512
4645.0,0.884799
4646.0,0.885085
4647.0,0.88537
4648.0,0.885652
4649.0,0.885929
4650.0,0.8862
4651.0,0.886464
4652.0,0.88672
4653.0,0.886969
4654.0,0.88721
4655.0,0.887443
4656.0,0.88767
4657.0,0.887888
4658.0,0.888099
4659.0,0.888303
4660.0,0.8885
4661.0,0.888689
4662.0,0.888871
4663.0,0.889047
4664.0,0.889215
4665.0,0.889378
4666.0,0.889534
4667.0,0.889684
4668.0,0.889828
4669.0,0.889967
4670.0,0.8901
4671.0,0.890228
4672.0,0.890352
4673.0,0.890471
4674.0,0.890585
4675.0,0.890696
4676.0,0.890803
4677.0,0.890907
4678.0,0.891007
4679.0,0.891105
4680.0,0.8912
4681.0,0.891293
4682.0,0.891384
4683.0,0.891474
4684.0,0.891563
4685.0,0.891651
4686.0,0.891739
4687.0,0.891828
4688.0,0.891917
4689.0,0.892008
4690.0,0.8921
4691.0,0.892194
4692.0,0.89229
4693.0,0.892388
4694.0,0.892487
4695.0,0.892587
4696.0,0.892689
4697.0,0.892791
4698.0,0.892894
4699.0,0.892997
4700.0,0.8931
4701.0,0.893203
4702.0,0.893307
4703.0,0.893411
4704.0,0.893517
4705.0,0.893624
4706.0,0.893733
4707.0,0.893845
4708.0,0.89396
4709.0,0.894078
4710.0,0.8942
4711.0,0.894326
4712.0,0.894456
4713.0,0.894589
4714.0,0.894726
4715.0,0.894866
4716.0,0.895009
4717.0,0.895154
4718.0,0.895301
4719.0,0.89545
4720.0,0.8956
4721.0,0.895751
4722.0,0.895903
4723.0,0.896054
4724.0,0.896203
4725.0,0.896349
4726.0,0.896491
4727.0,0.896628
4728.0,0.896759
4729.0,0.896884
4730.0,0.897
4731.0,0.897107
4732.0,0.897206
4733.0,0.897296
4734.0,0.897378
4735.0,0.897451
4736.0,0.897516
4737.0,0.897574
4738.0,0.897623
4739.0,0.897665
4740.0,0.8977
4741.0,0.897728
4742.0,0.897748
4743.0,0.897762
4744.0,0.89777
4745.0,0.897772
4746.0,0.897768
4747.0,0.897758
4748.0,0.897744
4749.0,0.897724
4750.0,0.8977
4751.0,0.897671
4752.0,0.897638
4753.0,0.897601
4754.0,0.897558
4755.0,0.897511
4756.0,0.897459
4757.0,0.897402
4758.0,0.89734
4759.0,0.897273
4760.0,0.8972
4761.0,0.897122
4762.0,0.897037
4763.0,0.896944
4764.0,0.896843
4765.0,0.896733
4766.0,0.896611
4767.0,0.896479
4768.0,0.896333
4769.0,0.896174
4770.0,0.896
4771.0,0.895811
4772.0,0.895608
4773.0,0.895392
4774.0,0.895167
4775.0,0.894933
4776.0,0.894692
4777.0,0.894447
4778.0,0.894199
4779.0,0.893949
4780.0,0.8937
4781.0,0.893453
4782.0,0.89321
4783.0,0.892971
4784.0,0.892738
4785.0,0.89251
4786.0,0.89229
4787.0,0.892078
4788.0,0.891875
4789.0,0.891682
4790.0,0.8915
4791.0,0.891329
4792.0,0.891169
4793.0,0.891019
4794.0,0.890875
4795.0,0.890738
4796.0,0.890606
4797.0,0.890478
4798.0,0.890352
4799.0,0.890226
4800.0,0.8901
4801.0,0.889972
4802.0,0.889845
4803.0,0.88972
4804.0,0.8896
4805.0,0.889486
4806.0,0.889382
4807.0,0.889289
4808.0,0.889209
4809.0,0.889146
4810.0,0.8891
4811.0,0.889074
4812.0,0.889069
4813.0,0.889085
4814.0,0.889122
4815.0,0.88918
4816.0,0.88926
4817.0,0.889361
4818.0,0.889485
4819.0,0.889631
4820.0,0.8898
4821.0,0.889991
4822.0,0.890203
4823.0,0.890434
4824.0,0.890682
4825.0,0.890944
4826.0,0.891219
4827.0,0.891504
4828.0,0.891797
4829.0,0.892096
4830.0,0.8924
4831.0,0.892706
4832.0,0.893014
4833.0,0.893325
4834.0,0.893639
4835.0,0.893956
4836.0,0.894276
4837.0,0.894601
4838.0,0.894929
4839.0,0.895262
4840.0,0.8956
4841.0,0.895943
4842.0,0.89629
4843.0,0.896644
4844.0,0.897003
4845.0,0.897369
4846.0,0.897741
4847.0,0.89812
4848.0,0.898506
4849.0,0.898899
4850.0,0.8993
4851.0,0.899708
4852.0,0.900123
4853.0,0.900543
4854.0,0.900967
4855.0,0.901392
4856.0,0.901818
4857.0,0.902244
4858.0,0.902667
4859.0,0.903086
4860.0,0.9035
4861.0,0.903908
4862.0,0.904308
4863.0,0.904703
4864.0,0.905092
4865.0,0.905474
4866.0,0.90585
4867.0,0.906221
4868.0,0.906586
4869.0,0.906946
4870.0,0.9073
4871.0,0.907649
4872.0,0.907992
4873.0,0.908328
4874.0,0.908656
4875.0,0.908974
4876.0,0.909283
4877.0,0.909581
4878.0,0.909867
4879.0,0.910141
4880.0,0.9104
4881.0,0.910645
4882.0,0.910875
4883.0,0.911091
4884.0,0.911292
4885.0,0.911479
4886.0,0.911652
4887.0,0.91181
4888.0,0.911954
4889.0,0.912084
4890.0,0.9122
4891.0,0.912302
4892.0,0.912391
4893.0,0.912468
4894.0,0.912532
4895.0,0.912585
4896.0,0.912627
4897.0,0.912659
4898.0,0.912681
4899.0,0.912695
4900.0,0.9127
4901.0,0.912698
4902.0,0.912689
4903.0,0.912674
4904.0,0.912655
4905.0,0.912632
4906.0,0.912607
4907.0,0.91258
4908.0,0.912552
4909.0,0.912525
4910.0,0.9125
4911.0,0.912477
4912.0,0.912456
4913.0,0.912436
4914.0,0.912418
4915.0,0.9124
4916.0,0.912382
4917.0,0.912364
4918.0,0.912344
4919.0,0.912323
4920.0,0.9123
4921.0,0.912275
4922.0,0.912248
4923.0,0.91222
4924.0,0.912193
4925.0,0.912168
4926.0,0.912145
4927.0,0.912126
4928.0,0.912111
4929.0,0.912102
4930.0,0.9121
4931.0,0.912105
4932.0,0.912118
4933.0,0.912139
4934.0,0.912167
4935.0,0.912203
4936.0,0.912247
4937.0,0.912298
4938.0,0.912358
4939.0,0.912425
4940.0,0.9125
4941.0,0.912583
4942.0,0.912673
4943.0,0.91277
4944.0,0.912874
4945.0,0.912983
4946.0,0.913098
4947.0,0.913217
4948.0,0.913341
4949.0,0.913469
4950.0,0.9136
4951.0,0.913734
4952.0,0.913871
4953.0,0.914011
4954.0,0.914155
4955.0,0.914303
4956.0,0.914454
4957.0,0.914609
4958.0,0.914768
4959.0,0.914932
4960.0,0.9151
4961.0,0.915273
4962.0,0.91545
4963.0,0.915629
4964.0,0.915811
4965.0,0.915994
4966.0,0.916178
4967.0,0.916361
4968.0,0.916543
4969.0,0.916723
4970.0,0.9169
4971.0,0.917073
4972.0,0.917242
4973.0,0.917407
4974.0,0.917566
4975.0,0.91772
4976.0,0.917869
4977.0,0.918012
4978.0,0.918148
4979.0,0.918278
4980.0,0.9184
4981.0,0.918515
4982.0,0.918622
4983.0,0.91872
4984.0,0.918808
4985.0,0.918887
4986.0,0.918954
4987.0,0.91901
4988.0,0.919053
4989.0,0.919083
4990.0,0.9191
4991.0,0.919102
4992.0,0.919091
4993.0,0.919065
4994.0,0.919025
4995.0,0.918971
4996.0,0.918904
4997.0,0.918823
4998.0,0.918728
4999.0,0.918621
5000.0,0.9185
5001.0,0.918366
5002.0,0.918221
5003.0,0.918063
5004.0,0.917895
5005.0,0.917717
5006.0,0.917529
5007.0,0.917333
5008.0,0.917129
5009.0,0.916918
5010.0,0.9167
5011.0,0.916476
5012.0,0.916246
5013.0,0.916009
5014.0,0.915764
5015.0,0.915511
5016.0,0.915249
5017.0,0.914978
5018.0,0.914696
5019.0,0.914404
5020.0,0.9141
5021.0,0.913784
5022.0,0.913457
5023.0,0.913119
5024.0,0.912771
5025.0,0.912413
5026.0,0.912046
5027.0,0.911671
5028.0,0.911288
5029.0,0.910897
5030.0,0.9105
5031.0,0.910097
5032.0,0.909689
5033.0,0.909278
5034.0,0.908864
5035.0,0.908449
5036.0,0.908034
5037.0,0.90762
5038.0,0.907209
5039.0,0.906802
5040.0,0.9064
5041.0,0.906004
5042.0,0.905615
5043.0,0.905233
5044.0,0.904858
5045.0,0.904492
5046.0,0.904134
5047.0,0.903786
5048.0,0.903447
5049.0,0.903118
5050.0,0.9028
5051.0,0.902493
5052.0,0.902197
5053.0,0.901913
5054.0,0.901642
5055.0,0.901383
5056.0,0.901138
5057.0,0.900907
5058.0,0.900689
5059.0,0.900487
5060.0,0.9003
5061.0,0.900128
5062.0,0.899973
5063.0,0.899833
5064.0,0.899709
5065.0,0.8996
5066.0,0.899508
5067.0,0.899432
5068.0,0.899372
5069.0,0.899328
5070.0,0.8993
5071.0,0.899288
5072.0,0.899292
5073.0,0.899311
5074.0,0.899344
5075.0,0.899391
5076.0,0.89945
5077.0,0.899521
5078.0,0.899604
5079.0,0.899697
5080.0,0.8998
5081.0,0.899913
5082.0,0.900035
5083.0,0.900167
5084.0,0.900309
5085.0,0.900462
5086.0,0.900626
5087.0,0.900801
5088.0,0.900989
5089.0,0.901188
5090.0,0.9014
5091.0,0.901625
5092.0,0.901862
5093.0,0.902112
5094.0,0.902374
5095.0,0.902649
5096.0,0.902936
5097.0,0.903234
5098.0,0.903545
5099.0,0.903867
5100.0,0.9042
5101.0,0.904544
5102.0,0.904899
5103.0,0.905264
5104.0,0.905636
5105.0,0.906017
5106.0,0.906404
5107.0,0.906797
5108.0,0.907194
5109.0,0.907596
5110.0,0.908
5111.0,0.908406
5112.0,0.908813
5113.0,0.909219
5114.0,0.909622
5115.0,0.910021
5116.0,0.910414
5117.0,0.9108
5118.0,0.911178
5119.0,0.911545
5120.0,0.9119
5121.0,0.912242
5122.0,0.912572
5123.0,0.912891
5124.0,0.9132
5125.0,0.9135
5126.0,0.913791
5127.0,0.914076
5128.0,0.914355
5129.0,0.914629
5130.0,0.9149
5131.0,0.915168
5132.0,0.915432
5133.0,0.915692
5134.0,0.915946
5135.0,0.916193
5136.0,0.916434
5137.0,0.916665
5138.0,0.916888
5139.0,0.9171
5140.0,0.9173
5141.0,0.917488
5142.0,0.917664
5143.0,0.917827
5144.0,0.917977
5145.0,0.918114
5146.0,0.918238
5147.0,0.918349
5148.0,0.918446
5149.0,0.91853
5150.0,0.9186
5151.0,0.918656
5152.0,0.918699
5153.0,0.918729
5154.0,0.918745
5155.0,0.91875
5156.0,0.918742
5157.0,0.918723
5158.0,0.918693
5159.0,0.918652
5160.0,0.9186
5161.0,0.918538
5162.0,0.918467
5163.0,0.918386
5164.0,0.918297
5165.0,0.918199
5166.0,0.918094
5167.0,0.91798
5168.0,0.91786
5169.0,0.917733
5170.0,0.9176
5171.0,0.917461
5172.0,0.917317
5173.0,0.917167
5174.0,0.917013
5175.0,0.916854
5176.0,0.91669
5177.0,0.916523
5178.0,0.916352
5179.0,0.916178
5180.0,0.916
5181.0,0.91582
5182.0,0.915636
5183.0,0.915451
5184.0,0.915263
5185.0,0.915073
5186.0,0.914882
5187.0,0.914688
5188.0,0.914493
5189.0,0.914297
5190.0,0.9141
5191.0,0.913902
5192.0,0.913704
5193.0,0.913506
5194.0,0.91331
5195.0,0.913115
5196.0,0.912924
5197.0,0.912736
5198.0,0.912552
5199.0,0.912373
5200.0,0.9122
5201.0,0.912033
5202.0,0.911872
5203.0,0.911716
5204.0,0.911564
5205.0,0.911416
5206.0,0.91127
5207.0,0.911126
5208.0,0.910984
5209.0,0.910842
5210.0,0.9107
5211.0,0.910557
5212.0,0.910414
5213.0,0.91027
5214.0,0.910127
5215.0,0.909985
5216.0,0.909844
5217.0,0.909704
5218.0,0.909567
5219.0,0.909432
5220.0,0.9093
5221.0,0.909172
5222.0,0.909047
5223.0,0.908925
5224.0,0.908808
5225.0,0.908695
5226.0,0.908587
5227.0,0.908483
5228.0,0.908383
5229.0,0.908289
5230.0,0.9082
5231.0,0.908116
5232.0,0.908037
5233.0,0.907962
5234.0,0.90789
5235.0,0.907822
5236.0,0.907755
5237.0,0.907691
5238.0,0.907627
5239.0,0.907564
5240.0,0.9075
5241.0,0.907436
5242.0,0.907371
5243.0,0.907307
5244.0,0.907243
5245.0,0.90718
5246.0,0.907119
5247.0,0.90706
5248.0,0.907003
5249.0,0.90695
5250.0,0.9069
5251.0,0.906854
5252.0,0.906811
5253.0,0.906771
5254.0,0.906733
5255.0,0.906695
5256.0,0.906659
5257.0,0.906621
5258.0,0.906583
5259.0,0.906543
5260.0,0.9065
5261.0,0.906454
5262.0,0.906404
5263.0,0.90635
5264.0,0.906291
5265.0,0.906226
5266.0,0.906155
5267.0,0.906078
5268.0,0.905993
5269.0,0.905901
5270.0,0.9058
5271.0,0.905691
5272.0,0.905573
5273.0,0.905448
5274.0,0.905316
5275.0,0.905177
5276.0,0.905031
5277.0,0.904881
5278.0,0.904725
5279.0,0.904564
5280.0,0.9044
5281.0,0.904232
5282.0,0.904062
5283.0,0.90389
5284.0,0.903717
5285.0,0.903543
5286.0,0.90337
5287.0,0.903199
5288.0,0.903029
5289.0,0.902863
5290.0,0.9027
5291.0,0.902541
5292.0,0.902385
5293.0,0.90223
5294.0,0.902073
5295.0,0.901914
5296.0,0.901749
5297.0,0.901577
5298.0,0.901396
5299.0,0.901204
5300.0,0.901
5301.0,0.900781
5302.0,0.90055
5303.0,0.900306
5304.0,0.900052
5305.0,0.89979
5306.0,0.89952
5307.0,0.899245
5308.0,0.898966
5309.0,0.898683
5310.0,0.8984
5311.0,0.898117
5312.0,0.897834
5313.0,0.897551
5314.0,0.89727
5315.0,0.896989
5316.0,0.896709
5317.0,0.89643
5318.0,0.896152
5319.0,0.895875
5320.0,0.8956
5321.0,0.895326
5322.0,0.895054
5323.0,0.894782
5324.0,0.894512
5325.0,0.894242
5326.0,0.893973
5327.0,0.893705
5328.0,0.893437
5329.0,0.893168
5330.0,0.8929
5331.0,0.892631
5332.0,0.892361
5333.0,0.892088
5334.0,0.891811
5335.0,0.891529
5336.0,0.891241
5337.0,0.890945
5338.0,0.89064
5339.0,0.890326
5340.0,0.89
5341.0,0.889662
5342.0,0.889314
5343.0,0.888956
5344.0,0.888589
5345.0,0.888216
5346.0,0.887838
5347.0,0.887456
5348.0,0.887071
5349.0,0.886685
5350.0,0.8863
5351.0,0.885916
5352.0,0.885533
5353.0,0.88515
5354.0,0.884766
5355.0,0.884381
5356.0,0.883993
5357.0,0.883602
5358.0,0.883206
5359.0,0.882806
5360.0,0.8824
5361.0,0.881987
5362.0,0.881567
5363.0,0.88114
5364.0,0.880704
5365.0,0.88026
5366.0,0.879808
5367.0,0.879346
5368.0,0.878874
5369.0,0.878392
5370.0,0.8779
5371.0,0.877397
5372.0,0.876882
5373.0,0.876355
5374.0,0.875817
5375.0,0.875265
5376.0,0.8747
5377.0,0.874122
5378.0,0.873529
5379.0,0.872922
5380.0,0.8723
5381.0,0.871663
5382.0,0.871009
5383.0,0.870338
5384.0,0.86965
5385.0,0.868942
5386.0,0.868216
5387.0,0.867469
5388.0,0.866702
5389.0,0.865912
5390.0,0.8651
5391.0,0.864265
5392.0,0.863405
5393.0,0.862522
5394.0,0.861613
5395.0,0.860678
5396.0,0.859717
5397.0,0.85873
5398.0,0.857715
5399.0,0.856672
5400.0,0.8556
5401.0,0.854499
5402.0,0.853364
5403.0,0.852192
5404.0,0.850979
5405.0,0.84972
5406.0,0.848412
5407.0,0.84705
5408.0,0.84563
5409.0,0.844148
5410.0,0.8426
5411.0,0.840982
5412.0,0.839293
5413.0,0.837531
5414.0,0.835693
5415.0,0.833779
5416.0,0.831786
5417.0,0.829714
5418.0,0.82756
5419.0,0.825322
5420.0,0.823
5421.0,0.820591
5422.0,0.818095
5423.0,0.815509
5424.0,0.812833
5425.0,0.810065
5426.0,0.807204
5427.0,0.804248
5428.0,0.801196
5429.0,0.798047
5430.0,0.7948
5431.0,0.791453
5432.0,0.788003
5433.0,0.784448
5434.0,0.780785
5435.0,0.777012
5436.0,0.773126
5437.0,0.769124
5438.0,0.765005
5439.0,0.760764
5440.0,0.7564
5441.0,0.75191
5442.0,0.747294
5443.0,0.74255
5444.0,0.737677
5445.0,0.732675
5446.0,0.727544
5447.0,0.722281
5448.0,0.716887
5449.0,0.71136
5450.0,0.7057
5451.0,0.699907
5452.0,0.693984
5453.0,0.687937
5454.0,0.681769
5455.0,0.675486
5456.0,0.669092
5457.0,0.662592
5458.0,0.65599
5459.0,0.649291
5460.0,0.6425
5461.0,0.635621
5462.0,0.628659
5463.0,0.62162
5464.0,0.614509
5465.0,0.607329
5466.0,0.600088
5467.0,0.592789
5468.0,0.585438
5469.0,0.57804
5470.0,0.5706
5471.0,0.563123
5472.0,0.555611
5473.0,0.54807
5474.0,0.540501
5475.0,0.532908
5476.0,0.525295
5477.0,0.517664
5478.0,0.510019
5479.0,0.502363
5480.0,0.4947
5481.0,0.487033
5482.0,0.479367
5483.0,0.471709
5484.0,0.464063
5485.0,0.456438
5486.0,0.448837
5487.0,0.441266
5488.0,0.433733
5489.0,0.426242
5490.0,0.4188
5491.0,0.411412
5492.0,0.404082
5493.0,0.396816
5494.0,0.389618
5495.0,0.382492
5496.0,0.375442
5497.0,0.368474
5498.0,0.361591
5499.0,0.354798
5500.0,0.3481
5501.0,0.3415
5502.0,0.334999
5503.0,0.328596
5504.0,0.322291
5505.0,0.316083
5506.0,0.309973
5507.0,0.30396
5508.0,0.298044
5509.0,0.292224
5510.0,0.2865
5511.0,0.280872
5512.0,0.275339
5513.0,0.269902
5514.0,0.26456
5515.0,0.259313
5516.0,0.254161
5517.0,0.249104
5518.0,0.244142
5519.0,0.239274
5520.0,0.2345
5521.0,0.22982
5522.0,0.225233
5523.0,0.220738
5524.0,0.216332
5525.0,0.212014
5526.0,0.207783
5527.0,0.203638
5528.0,0.199577
5529.0,0.195598
5530.0,0.1917
5531.0,0.187882
5532.0,0.184142
5533.0,0.180479
5534.0,0.176892
5535.0,0.17338
5536.0,0.169942
5537.0,0.166576
5538.0,0.163281
5539.0,0.160056
5540.0,0.1569
5541.0,0.153811
5542.0,0.150789
5543.0,0.147831
5544.0,0.144935
5545.0,0.142102
5546.0,0.139328
5547.0,0.136612
5548.0,0.133953
5549.0,0.13135
5550.0,0.1288
5551.0,0.126303
5552.0,0.123857
5553.0,0.121463
5554.0,0.119119
5555.0,0.116826
5556.0,0.114583
5557.0,0.112389
5558.0,0.110244
5559.0,0.108148
5560.0,0.1061
5561.0,0.104099
5562.0,0.102145
5563.0,0.100234
5564.0,0.098366
5565.0,0.096538
5566.0,0.094748
5567.0,0.092996
5568.0,0.091278
5569.0,0.089593
5570.0,0.08794
5571.0,0.086316
5572.0,0.084722
5573.0,0.083156
5574.0,0.081619
5575.0,0.08011
5576.0,0.078628
5577.0,0.077174
5578.0,0.075746
5579.0,0.074345
5580.0,0.07297
5581.0,0.071621
5582.0,0.070297
5583.0,0.068998
5584.0,0.067724
5585.0,0.066474
5586.0,0.065249
5587.0,0.064047
5588.0,0.062868
5589.0,0.061713
5590.0,0.06058
5591.0,0.05947
5592.0,0.058381
5593.0,0.057314
5594.0,0.056267
5595.0,0.055239
5596.0,0.054232
5597.0,0.053242
5598.0,0.052271
5599.0,0.051317
5600.0,0.05038
5601.0,0.049459
5602.0,0.048554
5603.0,0.047663
5604.0,0.046788
5605.0,0.045927
5606.0,0.045079
5607.0,0.044246
5608.0,0.043425
5609.0,0.042616
5610.0,0.04182
5611.0,0.041035
5612.0,0.040263
5613.0,0.039502
5614.0,0.038753
5615.0,0.038016
5616.0,0.037292
5617.0,0.03658
5618.0,0.03588
5619.0,0.035194
5620.0,0.03452
5621.0,0.033859
5622.0,0.033211
5623.0,0.032575
5624.0,0.031951
5625.0,0.031339
5626.0,0.030738
5627.0,0.030148
5628.0,0.029569
5629.0,0.028999
5630.0,0.02844
5631.0,0.02789
5632.0,0.02735
5633.0,0.026818
5634.0,0.026295
5635.0,0.025781
5636.0,0.025275
5637.0,0.024777
5638.0,0.024287
5639.0,0.023805
5640.0,0.02333
5641.0,0.022862
5642.0,0.022402
5643.0,0.021948
5644.0,0.021503
5645.0,0.021065
5646.0,0.020636
5647.0,0.020214
5648.0,0.019801
5649.0,0.019396
5650.0,0.019
5651.0,0.018613
5652.0,0.018234
5653.0,0.017864
5654.0,0.017502
5655.0,0.017148
5656.0,0.016802
5657.0,0.016463
5658.0,0.016132
5659.0,0.015807
5660.0,0.01549
5661.0,0.015179
5662.0,0.014875
5663.0,0.014577
5664.0,0.014286
5665.0,0.014
5666.0,0.013721
5667.0,0.013447
5668.0,0.013179
5669.0,0.012917
5670.0,0.01266
5671.0,0.012408
5672.0,0.012162
5673.0,0.01192
5674.0,0.011684
5675.0,0.011452
5676.0,0.011225
5677.0,0.011002
5678.0,0.010784
5679.0,0.01057
5680.0,0.01036
5681.0,0.010154
5682.0,0.009952
5683.0,0.009754
5684.0,0.00956
5685.0,0.00937
5686.0,0.009183
5687.0,0.008999
5688.0,0.008819
5689.0,0.008643
5690.0,0.008469
5691.0,0.008299
5692.0,0.008131
5693.0,0.007968
5694.0,0.007807
5695.0,0.007651
5696.0,0.007498
5697.0,0.007349
5698.0,0.007204
5699.0,0.007063
5700.0,0.006927
5701.0,0.006795
5702.0,0.006667
5703.0,0.006543
5704.0,0.006423
5705.0,0.006306
5706.0,0.006193
5707.0,0.006083
5708.0,0.005975
5709.0,0.00587
5710.0,0.005768
5711.0,0.005668
5712.0,0.00557
5713.0,0.005473
5714.0,0.005379
5715.0,0.005286
5716.0,0.005194
5717.0,0.005103
5718.0,0.005014
5719.0,0.004925
5720.0,0.004837
5721.0,0.00475
5722.0,0.004663
5723.0,0.004577
5724.0,0.004493
5725.0,0.00441
5726.0,0.004329
5727.0,0.00425
5728.0,0.004173
5729.0,0.004099
5730.0,0.004028
5731.0,0.00396
5732.0,0.003895
5733.0,0.003832
5734.0,0.003772
5735.0,0.003714
5736.0,0.003658
5737.0,0.003603
5738.0,0.00355
5739.0,0.003499
5740.0,0.003448
5741.0,0.003398
5742.0,0.003349
5743.0,0.0033
5744.0,0.003252
5745.0,0.003205
5746.0,0.003158
5747.0,0.003112
5748.0,0.003066
5749.0,0.00302
5750.0,0.002975
5751.0,0.00293
5752.0,0.002885
5753.0,0.002841
5754.0,0.002797
5755.0,0.002754
5756.0,0.002711
5757.0,0.002669
5758.0,0.002628
5759.0,0.002588
5760.0,0.002548
5761.0,0.002509
5762.0,0.002472
5763.0,0.002435
5764.0,0.002399
5765.0,0.002363
5766.0,0.002329
5767.0,0.002295
5768.0,0.002262
5769.0,0.002229
5770.0,0.002197
5771.0,0.002166
5772.0,0.002135
5773.0,0.002105
5774.0,0.002076
5775.0,0.002047
5776.0,0.00202
5777.0,0.001994
5778.0,0.001969
5779.0,0.001945
5780.0,0.001923
5781.0,0.001902
5782.0,0.001882
5783.0,0.001864
5784.0,0.001847
5785.0,0.00183
5786.0,0.001814
5787.0,0.001799
5788.0,0.001784
5789.0,0.001769
5790.0,0.001755
5791.0,0.001741
5792.0,0.001726
5793.0,0.001711
5794.0,0.001696
5795.0,0.001681
5796.0,0.001666
5797.0,0.001651
5798.0,0.001635
5799.0,0.001619
5800.0,0.001602
5801.0,0.001585
5802.0,0.001568
5803.0,0.00155
5804.0,0.001532
5805.0,0.001515
5806.0,0.001498
5807.0,0.001481
5808.0,0.001465
5809.0,0.001449
5810.0,0.001434
5811.0,0.00142
5812.0,0.001407
5813.0,0.001394
5814.0,0.001382
5815.0,0.00137
5816.0,0.001359
5817.0,0.001347
5818.0,0.001336
5819.0,0.001324
5820.0,0.001312
5821.0,0.001299
5822.0,0.001287
5823.0,0.001273
5824.0,0.00126
5825.0,0.001246
5826.0,0.001232
5827.0,0.001218
5828.0,0.001203
5829.0,0.001189
5830.0,0.001175
5831.0,0.001161
5832.0,0.001147
5833.0,0.001134
5834.0,0.00112
5835.0,0.001108
5836.0,0.001095
5837.0,0.001084
5838.0,0.001073
5839.0,0.001062
5840.0,0.001053
5841.0,0.001044
5842.0,0.001036
5843.0,0.001029
5844.0,0.001023
5845.0,0.001017
5846.0,0.001011
5847.0,0.001006
5848.0,0.001001
5849.0,0.000997
5850.0,0.000992
5851.0,0.000987
5852.0,0.000983
5853.0,0.000978
5854.0,0.000974
5855.0,0.000969
5856.0,0.000965
5857.0,0.00096
5858.0,0.000956
5859.0,0.000951
5860.0,0.000946
5861.0,0.000941
5862.0,0.000936
5863.0,0.00093
5864.0,0.000924
5865.0,0.000917
5866.0,0.00091
5867.0,0.000902
5868.0,0.000892
5869.0,0.000882
5870.0,0.00087
5871.0,0.000857
5872.0,0.000843
5873.0,0.000827
5874.0,0.000812
5875.0,0.000795
5876.0,0.000779
5877.0,0.000763
5878.0,0.000747
5879.0,0.000732
5880.0,0.000717
5881.0,0.000704
5882.0,0.000691
5883.0,0.00068
5884.0,0.000669
5885.0,0.00066
5886.0,0.000651
5887.0,0.000644
5888.0,0.000637
5889.0,0.000631
5890.0,0.000626
5891.0,0.000622
5892.0,0.000618
5893.0,0.000614
5894.0,0.000611
5895.0,0.000607
5896.0,0.000603
5897.0,0.000599
5898.0,0.000594
5899.0,0.000587
5900.0,0.00058
5901.0,0.000571
5902.0,0.000561
5903.0,0.00055
5904.0,0.000539
5905.0,0.000527
5906.0,0.000515
5907.0,0.000504
5908.0,0.000493
5909.0,0.000482
5910.0,0.000473
5911.0,0.000465
5912.0,0.000458
5913.0,0.000453
5914.0,0.000448
5915.0,0.000444
5916.0,0.00044
5917.0,0.000437
5918.0,0.000433
5919.0,0.00043
5920.0,0.000427
5921.0,0.000423
5922.0,0.000419
5923.0,0.000415
5924.0,0.000411
5925.0,0.000406
5926.0,0.000401
5927.0,0.000396
5928.0,0.000391
5929.0,0.000386
5930.0,0.000381
5931.0,0.000376
5932.0,0.000371
5933.0,0.000365
5934.0,0.00036
5935.0,0.000356
5936.0,0.000351
5937.0,0.000347
5938.0,0.000343
5939.0,0.000339
5940.0,0.000336
5941.0,0.000333
5942.0,0.000331
5943.0,0.000329
5944.0,0.000327
5945.0,0.000325
5946.0,0.000322
5947.0,0.000319
5948.0,0.000315
5949.0,0.000311
5950.0,0.000305
5951.0,0.000298
5952.0,0.000291
5953.0,0.000283
5954.0,0.000274
5955.0,0.000265
5956.0,0.000257
5957.0,0.000249
5958.0,0.000241
5959.0,0.000234
5960.0,0.000229
5961.0,0.000225
5962.0,0.000222
5963.0,0.00022
5964.0,0.00022
5965.0,0.00022
5966.0,0.000221
5967.0,0.000222
5968.0,0.000224
5969.0,0.000226
5970.0,0.000229
5971.0,0.000232
5972.0,0.000234
5973.0,0.000236
5974.0,0.000238
5975.0,0.000239
5976.0,0.000239
5977.0,0.000239
5978.0,0.000237
5979.0,0.000234
5980.0,0.000229
5981.0,0.000223
5982.0,0.000215
5983.0,0.000206
5984.0,0.000197
5985.0,0.000187
5986.0,0.000176
5987.0,0.000166
5988.0,0.000155
5989.0,0.000146
5990.0,0.000137
5991.0,0.000129
5992.0,0.000122
5993.0,0.000117
5994.0,0.000112
5995.0,0.000109
5996.0,0.000106
5997.0,0.000105
5998.0,0.000105
5999.0,0.000105
6000.0,0.000107
6001.0,0.00011
6002.0,0.000113
6003.0,0.000118
6004.0,0.000122
6005.0,0.000127
6006.0,0.000133
6007.0,0.000138
6008.0,0.000143
6009.0,0.000148
6010.0,0.000153
6011.0,0.000157
6012.0,0.00016
6013.0,0.000163
6014.0,0.000164
6015.0,0.000165
6016.0,0.000165
6017.0,0.000164
6018.0,0.000161
6019.0,0.000158
6020.0,0.000153
6021.0,0.000147
6022.0,0.00014
6023.0,0.000132
6024.0,0.000123
6025.0,0.000115
6026.0,0.000106
